participant_id,inoculation,inoculation_code,item_id,stimulus_file,stim_pic_num,stimulus_party,stimulus_party_code,information_type,information_type_code,social_consensus,social_consensus_code,trial_order,discrimination,discrimination_rt_s,discrimination_question_order,we_value,we_is_correct,we_correct_answer,we_question_order,attitude,attitude_rt_s,attitude_question_order
142,Control,0,010-2,010-2.png,2,KMT,0,Misinformation,1,Like,0,16,7.064471879,17.77446198,2,6,0,0,1,5.55,2.672611952,0
142,Control,0,010-3,010-3.png,3,KMT,0,Misinformation,1,Like,0,18,9.032921811,4.215474129,1,0,1,0,0,3.416666667,5.263865948,2
142,Control,0,011-1,011-1.png,1,KMT,0,Misinformation,1,Anger,1,20,8.024691358,10.16590166,0,6,1,6,2,5.444444444,2.5651021,1
142,Control,0,011-2,011-2.png,2,KMT,0,Misinformation,1,Anger,1,22,7.956104252,4.019048452,2,6,1,6,1,5.511111111,4.165460348,0
142,Control,0,011-3,011-3.png,3,KMT,0,Misinformation,1,Anger,1,24,8.004115226,16.64109635,1,6,1,6,0,5.544444444,2.240343332,2
142,Control,0,100-1,100-1.png,1,DPP,1,True Information,0,Like,0,23,3.072702332,8.731718302,2,0,1,0,0,5.594444444,6.14377594,1
142,Control,0,100-2,100-2.png,2,DPP,1,True Information,0,Like,0,21,5.006858711,7.627398252,1,0,1,0,2,5.438888889,4.12747097,0
142,Control,0,100-3,100-3.png,3,DPP,1,True Information,0,Like,0,19,2.0781893,7.52114749,0,0,1,0,1,5.472222222,5.137187243,2
142,Control,0,101-1,101-1.png,1,DPP,1,True Information,0,Anger,1,17,3.038408779,6.8869133,2,6,0,0,0,5.538888889,5.017687798,1
142,Control,0,101-2,101-2.png,2,DPP,1,True Information,0,Anger,1,15,4.074074074,11.02856421,1,6,1,6,2,5.472222222,9.060801983,0
142,Control,0,101-3,101-3.png,3,DPP,1,True Information,0,Anger,1,13,4.039780521,4.132740498,0,6,1,6,1,5.677777778,4.370306492,2
142,Control,0,110-1,110-1.png,1,DPP,1,Misinformation,1,Like,0,11,9.0260631,3.70414114,2,0,1,0,0,3.444444444,14.15640044,1
142,Control,0,110-2,110-2.png,2,DPP,1,Misinformation,1,Like,0,9,9.074074074,2.504389286,1,0,1,0,2,3.405555556,13.8837862,0
142,Control,0,110-3,110-3.png,3,DPP,1,Misinformation,1,Like,0,7,8.141289438,12.21701813,0,0,1,0,1,5.472222222,9.798041105,2
142,Control,0,111-1,111-1.png,1,DPP,1,Misinformation,1,Anger,1,5,8.964334705,5.753060341,2,6,1,6,0,3.416666667,11.40588903,1
142,Control,0,111-2,111-2.png,2,DPP,1,Misinformation,1,Anger,1,3,7.037037037,6.421944618,1,6,1,6,2,5.494444444,3.404913664,0
142,Control,0,111-3,111-3.png,3,DPP,1,Misinformation,1,Anger,1,1,8.010973937,11.38329196,0,6,1,6,1,3.427777778,17.84550238,2
143,Prebunk,1,000-1,000-1.png,1,KMT,0,True Information,0,Like,0,1,6.556927298,19.54230833,0,0,1,0,1,5.588888889,3.454792738,2
143,Prebunk,1,000-2,000-2.png,2,KMT,0,True Information,0,Like,0,2,7.56515775,14.60368705,0,0,1,0,2,5.566666667,2.006046772,1
143,Prebunk,1,000-3,000-3.png,3,KMT,0,True Information,0,Like,0,4,4.238683128,12.14472198,2,0,1,0,1,5.511111111,14.29560208,0
143,Prebunk,1,001-1,001-1.png,1,KMT,0,True Information,0,Anger,1,6,3.559670782,17.60032892,1,6,1,6,0,7.044444444,8.425353289,2
143,Prebunk,1,001-2,001-2.png,2,KMT,0,True Information,0,Anger,1,8,2.407407407,53.48651195,0,6,1,6,2,7.5,3.767916679,1
143,Prebunk,1,001-3,001-3.png,3,KMT,0,True Information,0,Anger,1,10,2.517146776,20.80836511,2,6,1,6,1,5.45,4.394130707,0
143,Prebunk,1,010-1,010-1.png,1,KMT,0,Misinformation,1,Like,0,12,10,15.68324518,1,0,1,0,0,5.488888889,4.170095921,2
143,Prebunk,1,010-2,010-2.png,2,KMT,0,Misinformation,1,Like,0,14,10,4.723021984,0,0,1,0,2,5.438888889,2.680487871,1
143,Prebunk,1,010-3,010-3.png,3,KMT,0,Misinformation,1,Like,0,16,10,3.769047499,2,0,1,0,1,5.572222222,2.472304344,0
143,Prebunk,1,011-1,011-1.png,1,KMT,0,Misinformation,1,Anger,1,18,10,9.860099316,1,6,1,6,0,5.544444444,3.304035664,2
143,Prebunk,1,011-2,011-2.png,2,KMT,0,Misinformation,1,Anger,1,20,10,5.626122713,0,6,1,6,2,5.511111111,2.266544342,1
143,Prebunk,1,011-3,011-3.png,3,KMT,0,Misinformation,1,Anger,1,22,10,5.03933835,2,6,1,6,1,5.383333333,2.742244244,0
143,Prebunk,1,100-1,100-1.png,1,DPP,1,True Information,0,Like,0,24,8.491083676,13.14761138,1,0,1,0,0,5.455555556,3.878160238,2
143,Prebunk,1,100-2,100-2.png,2,DPP,1,True Information,0,Like,0,23,8.497942387,6.99118948,2,0,1,0,0,5.494444444,3.405240536,1
143,Prebunk,1,100-3,100-3.png,3,DPP,1,True Information,0,Like,0,21,0,10.24070525,1,0,1,0,2,7.566666667,8.404105186,0
143,Prebunk,1,101-1,101-1.png,1,DPP,1,True Information,0,Anger,1,19,0,14.62084103,0,6,0,0,1,5.577777778,3.124581099,2
143,Prebunk,1,101-2,101-2.png,2,DPP,1,True Information,0,Anger,1,17,8.477366255,5.768163681,2,0,0,6,0,5.45,2.085518599,1
143,Prebunk,1,101-3,101-3.png,3,DPP,1,True Information,0,Anger,1,15,0,42.68780828,1,0,0,6,2,5.477777778,5.951632261,0
143,Prebunk,1,110-1,110-1.png,1,DPP,1,Misinformation,1,Like,0,13,10,1.949768543,0,0,1,0,1,5.527777778,2.383449316,2
143,Prebunk,1,110-2,110-2.png,2,DPP,1,Misinformation,1,Like,0,11,10,2.012093544,2,6,0,0,0,1,18.27618408,1
143,Prebunk,1,110-3,110-3.png,3,DPP,1,Misinformation,1,Like,0,9,10,2.130765915,1,0,1,0,2,1.083333333,3.715380907,0
143,Prebunk,1,111-1,111-1.png,1,DPP,1,Misinformation,1,Anger,1,7,10,3.210821629,0,6,1,6,1,1,8.482146978,2
143,Prebunk,1,111-2,111-2.png,2,DPP,1,Misinformation,1,Anger,1,5,9.835390947,4.932579041,2,6,1,6,0,1.516666667,11.96504426,1
143,Prebunk,1,111-3,111-3.png,3,DPP,1,Misinformation,1,Anger,1,3,10,4.133202076,1,6,1,6,2,1,8.107866764,0
9,Control,0,000-1,000-1.png,1,KMT,0,True Information,0,Like,0,18,2.997256516,7.667907,1,0,1,0,0,7.761111111,1.898221731,2
9,Control,0,000-2,000-2.png,2,KMT,0,True Information,0,Like,0,20,3.971193416,4.568566084,0,0,1,0,2,7.727777778,1.828778267,1
9,Control,0,000-3,000-3.png,3,KMT,0,True Information,0,Like,0,22,3.971193416,2.908708096,2,0,1,0,1,7.577777778,3.295054674,0
9,Control,0,001-1,001-1.png,1,KMT,0,True Information,0,Anger,1,24,1.982167353,4.294530392,1,6,1,6,0,8.7,6.294977665,2
9,Control,0,001-2,001-2.png,2,KMT,0,True Information,0,Anger,1,23,1.961591221,3.426530123,2,6,1,6,0,8.505555556,6.398559332,1
9,Control,0,001-3,001-3.png,3,KMT,0,True Information,0,Anger,1,21,3.971193416,7.693763018,1,6,1,6,2,6.705555556,4.438096046,0
9,Control,0,010-1,010-1.png,1,KMT,0,Misinformation,1,Like,0,19,8.964334705,2.91202116,0,0,1,0,1,3.411111111,2.414877415,2
9,Control,0,010-2,010-2.png,2,KMT,0,Misinformation,1,Like,0,17,5.967078189,5.890488386,2,0,1,0,0,6.505555556,2.615544796,1
9,Control,0,010-3,010-3.png,3,KMT,0,Misinformation,1,Like,0,15,3.010973937,6.756309509,1,0,1,0,2,6.661111111,5.989794731,0
9,Control,0,011-1,011-1.png,1,KMT,0,Misinformation,1,Anger,1,13,9.032921811,3.899643421,0,6,1,6,1,2.5,4.714409351,2
9,Control,0,011-2,011-2.png,2,KMT,0,Misinformation,1,Anger,1,11,6.049382716,9.790589094,2,0,0,6,0,4.494444444,12.14596319,1
9,Control,0,011-3,011-3.png,3,KMT,0,Misinformation,1,Anger,1,9,8.093278464,5.851257086,1,6,1,6,2,3.405555556,5.138851643,0
9,Control,0,100-1,100-1.png,1,DPP,1,True Information,0,Like,0,7,7.537722908,7.785420656,0,0,1,0,1,7.638888889,3.750386715,2
9,Control,0,100-2,100-2.png,2,DPP,1,True Information,0,Like,0,5,7.0781893,1.864368916,2,6,0,0,0,6.616666667,8.259337664,1
9,Control,0,100-3,100-3.png,3,DPP,1,True Information,0,Like,0,3,5.98079561,6.932254076,1,0,1,0,2,6.516666667,5.88450408,0
9,Control,0,101-1,101-1.png,1,DPP,1,True Information,0,Anger,1,1,6.454046639,12.60383344,0,6,0,0,1,4.538888889,3.479920149,2
9,Control,0,101-2,101-2.png,2,DPP,1,True Information,0,Anger,1,2,8.580246914,4.669908524,0,6,1,6,2,3.35,3.576887131,1
9,Control,0,101-3,101-3.png,3,DPP,1,True Information,0,Anger,1,4,7.990397805,2.405227423,2,6,1,6,1,3.45,5.163723946,0
9,Control,0,110-1,110-1.png,1,DPP,1,Misinformation,1,Like,0,6,10,5.612676382,1,0,1,0,0,2.377777778,4.20367527,2
9,Control,0,110-2,110-2.png,2,DPP,1,Misinformation,1,Like,0,8,10,6.353420496,0,0,1,0,2,3.427777778,3.976728678,1
9,Control,0,110-3,110-3.png,3,DPP,1,Misinformation,1,Like,0,10,2.997256516,27.69031572,2,0,1,0,1,6.35,5.487314463,0
9,Control,0,111-1,111-1.png,1,DPP,1,Misinformation,1,Anger,1,12,3.587105624,17.41320682,1,6,1,6,0,7.655555556,2.60236454,2
9,Control,0,111-2,111-2.png,2,DPP,1,Misinformation,1,Anger,1,14,6.886145405,9.15114069,0,0,0,6,2,5.555555556,10.8110373,1
9,Control,0,111-3,111-3.png,3,DPP,1,Misinformation,1,Anger,1,16,10,7.267081499,2,6,1,6,1,1,2.856810808,0
144,Control,0,000-1,000-1.png,1,KMT,0,True Information,0,Like,0,3,5.027434842,9.135273457,1,0,1,0,2,4.233333333,6.114393711,0
144,Control,0,000-2,000-2.png,2,KMT,0,True Information,0,Like,0,1,3.065843621,29.45922565,0,0,1,0,1,4.827777778,5.073988438,2
144,Control,0,000-3,000-3.png,3,KMT,0,True Information,0,Like,0,2,5.006858711,10.44662237,0,3,0,0,2,5,23.85713124,1
144,Control,0,001-1,001-1.png,1,KMT,0,True Information,0,Anger,1,4,7.983539095,7.719308853,2,6,1,6,1,4.844444444,25.11806917,0
144,Control,0,001-2,001-2.png,2,KMT,0,True Information,0,Anger,1,6,5.987654321,17.27784109,1,6,1,6,0,4.644444444,7.321123123,2
144,Control,0,001-3,001-3.png,3,KMT,0,True Information,0,Anger,1,8,5.98079561,37.3553791,0,6,1,6,2,4.066666667,6.921010733,1
144,Control,0,010-1,010-1.png,1,KMT,0,Misinformation,1,Like,0,10,6.989026063,7.688242435,2,0,1,0,1,4.477777778,7.521481752,0
144,Control,0,010-2,010-2.png,2,KMT,0,Misinformation,1,Like,0,12,8.0521262,14.39438176,1,0,1,0,0,4.433333333,3.092701435,2
144,Control,0,010-3,010-3.png,3,KMT,0,Misinformation,1,Like,0,14,7.009602195,4.958711386,0,0,1,0,2,4.394444444,4.461612463,1
144,Control,0,011-1,011-1.png,1,KMT,0,Misinformation,1,Anger,1,16,8.0521262,2.892613888,2,6,1,6,1,3.433333333,3.357555151,0
144,Control,0,011-2,011-2.png,2,KMT,0,Misinformation,1,Anger,1,18,8.058984911,4.635617256,1,6,1,6,0,4.105555556,6.164776087,2
144,Control,0,011-3,011-3.png,3,KMT,0,Misinformation,1,Anger,1,20,7.853223594,4.289855957,0,6,1,6,2,2.805555556,6.9941957,1
144,Control,0,100-1,100-1.png,1,DPP,1,True Information,0,Like,0,22,3.004115226,4.440450668,2,0,1,0,1,6.805555556,4.84133625,0
144,Control,0,100-2,100-2.png,2,DPP,1,True Information,0,Like,0,24,4.945130316,4.297314167,1,0,1,0,0,7.138888889,5.122833967,2
144,Control,0,100-3,100-3.png,3,DPP,1,True Information,0,Like,0,23,2.126200274,4.052275896,2,0,1,0,0,7.661111111,7.449536085,1
144,Control,0,101-1,101-1.png,1,DPP,1,True Information,0,Anger,1,21,3.100137174,6.887337208,1,6,0,0,2,6.766666667,3.293242931,0
144,Control,0,101-2,101-2.png,2,DPP,1,True Information,0,Anger,1,19,5.041152263,8.15738821,0,6,1,6,1,6.827777778,5.468336582,2
144,Control,0,101-3,101-3.png,3,DPP,1,True Information,0,Anger,1,17,2.956104252,15.23708987,2,6,1,6,0,5.505555556,6.27157855,1
144,Control,0,110-1,110-1.png,1,DPP,1,Misinformation,1,Like,0,15,6.989026063,11.81614876,1,0,1,0,2,4.661111111,6.6310215,0
144,Control,0,110-2,110-2.png,2,DPP,1,Misinformation,1,Like,0,13,6.508916324,5.758235216,0,0,1,0,1,6.477777778,6.560435295,2
144,Control,0,110-3,110-3.png,3,DPP,1,Misinformation,1,Like,0,11,6.035665295,4.210073233,2,0,1,0,0,6.305555556,8.263156176,1
144,Control,0,111-1,111-1.png,1,DPP,1,Misinformation,1,Anger,1,9,7.572016461,4.635075569,1,6,1,6,2,4.238888889,14.83654499,0
144,Control,0,111-2,111-2.png,2,DPP,1,Misinformation,1,Anger,1,7,7.475994513,4.836974859,0,6,1,6,1,4.55,5.783695221,2
144,Control,0,111-3,111-3.png,3,DPP,1,Misinformation,1,Anger,1,5,7.030178326,15.32796812,2,6,1,6,0,5.533333333,10.3109529,1
145,Prebunk,1,000-1,000-1.png,1,KMT,0,True Information,0,Like,0,5,10,2.781827927,2,0,1,0,0,1,30.385813,1
145,Prebunk,1,000-2,000-2.png,2,KMT,0,True Information,0,Like,0,3,7.037037037,12.86329079,1,0,1,0,2,5.511111111,9.709917307,0
145,Prebunk,1,000-3,000-3.png,3,KMT,0,True Information,0,Like,0,1,10,11.30541253,0,0,1,0,1,5.511111111,12.60108805,2
145,Prebunk,1,001-1,001-1.png,1,KMT,0,True Information,0,Anger,1,2,7.016460905,7.570502281,0,6,1,6,2,3.383333333,11.24199963,1
145,Prebunk,1,001-2,001-2.png,2,KMT,0,True Information,0,Anger,1,4,4.979423868,14.21603727,2,6,1,6,1,4.355555556,21.61225295,0
145,Prebunk,1,001-3,001-3.png,3,KMT,0,True Information,0,Anger,1,6,5.013717421,20.34519506,1,6,1,6,0,5.505555556,7.98355794,2
145,Prebunk,1,010-1,010-1.png,1,KMT,0,Misinformation,1,Like,0,8,10,1.885720968,0,0,1,0,2,5.505555556,7.671875715,1
145,Prebunk,1,010-2,010-2.png,2,KMT,0,Misinformation,1,Like,0,10,10,5.187866926,2,0,1,0,1,10,18.11677146,0
145,Prebunk,1,010-3,010-3.png,3,KMT,0,Misinformation,1,Like,0,12,10,19.00406456,1,0,1,0,0,5.488888889,4.050625086,2
145,Prebunk,1,011-1,011-1.png,1,KMT,0,Misinformation,1,Anger,1,14,10,1.420512438,0,6,1,6,2,5.505555556,5.771358013,1
145,Prebunk,1,011-2,011-2.png,2,KMT,0,Misinformation,1,Anger,1,16,10,9.14280653,2,6,1,6,1,5.494444444,6.838059902,0
145,Prebunk,1,011-3,011-3.png,3,KMT,0,Misinformation,1,Anger,1,18,10,1.631736279,1,6,1,6,0,10,12.56340885,2
145,Prebunk,1,100-1,100-1.png,1,DPP,1,True Information,0,Like,0,20,10,1.366920233,0,0,1,0,2,5.505555556,14.77181888,1
145,Prebunk,1,100-2,100-2.png,2,DPP,1,True Information,0,Like,0,22,0,4.258461237,2,0,1,0,1,5.488888889,5.600123405,0
145,Prebunk,1,100-3,100-3.png,3,DPP,1,True Information,0,Like,0,24,4.032921811,5.121562481,1,0,1,0,0,10,10.50779986,2
145,Prebunk,1,101-1,101-1.png,1,DPP,1,True Information,0,Anger,1,23,5.020576132,3.678369999,2,6,0,0,0,5.511111111,8.614154577,1
145,Prebunk,1,101-2,101-2.png,2,DPP,1,True Information,0,Anger,1,21,10,1.805571079,1,0,0,6,2,5.488888889,3.065008163,0
145,Prebunk,1,101-3,101-3.png,3,DPP,1,True Information,0,Anger,1,19,4.965706447,5.487531662,0,6,1,6,1,5.5,3.96710515,2
145,Prebunk,1,110-1,110-1.png,1,DPP,1,Misinformation,1,Like,0,17,10,2.561689854,2,0,1,0,0,1,8.160947084,1
145,Prebunk,1,110-2,110-2.png,2,DPP,1,Misinformation,1,Like,0,15,10,1.971170187,1,0,1,0,2,5.511111111,5.439932585,0
145,Prebunk,1,110-3,110-3.png,3,DPP,1,Misinformation,1,Like,0,13,10,1.539354563,0,0,1,0,1,1,11.60996604,2
145,Prebunk,1,111-1,111-1.png,1,DPP,1,Misinformation,1,Anger,1,11,10,1.693174839,2,6,1,6,0,5.488888889,5.050247192,1
145,Prebunk,1,111-2,111-2.png,2,DPP,1,Misinformation,1,Anger,1,9,10,2.257454395,1,6,1,6,2,5.494444444,8.764703751,0
145,Prebunk,1,111-3,111-3.png,3,DPP,1,Misinformation,1,Anger,1,7,10,1.642727375,0,6,1,6,1,5.511111111,16.10707164,2
146,Control,0,000-1,000-1.png,1,KMT,0,True Information,0,Like,0,7,2.585733882,12.62725425,0,0,1,0,1,7.355555556,3.492007017,2
146,Control,0,000-2,000-2.png,2,KMT,0,True Information,0,Like,0,5,4.972565158,15.35325027,2,0,1,0,0,7.255555556,6.652245283,1
146,Control,0,000-3,000-3.png,3,KMT,0,True Information,0,Like,0,3,2.92866941,2.857298851,1,3,0,0,2,4.266666667,12.15264225,0
146,Control,0,001-1,001-1.png,1,KMT,0,True Information,0,Anger,1,1,7.002743484,6.250961065,0,6,1,6,1,6.822222222,8.123320103,2
146,Control,0,001-2,001-2.png,2,KMT,0,True Information,0,Anger,1,2,6.454046639,14.49227428,0,6,1,6,2,4.366666667,4.899150133,1
146,Control,0,001-3,001-3.png,3,KMT,0,True Information,0,Anger,1,4,8.113854595,9.114592075,2,3,0,6,1,5.566666667,12.54402328,0
146,Control,0,010-1,010-1.png,1,KMT,0,Misinformation,1,Like,0,6,6.042524005,10.49084258,1,0,1,0,0,2.294444444,7.574442387,2
146,Control,0,010-2,010-2.png,2,KMT,0,Misinformation,1,Like,0,8,8.978052126,11.41180062,0,0,1,0,2,4.255555556,2.869848728,1
146,Control,0,010-3,010-3.png,3,KMT,0,Misinformation,1,Like,0,10,8.566529492,3.670169115,2,0,1,0,1,3.522222222,7.384388208,0
146,Control,0,011-1,011-1.png,1,KMT,0,Misinformation,1,Anger,1,12,6.968449931,7.562078238,1,6,1,6,0,4.572222222,4.277282476,2
146,Control,0,011-2,011-2.png,2,KMT,0,Misinformation,1,Anger,1,14,8.079561043,6.526715517,0,6,1,6,2,4.622222222,5.964461088,1
146,Control,0,011-3,011-3.png,3,KMT,0,Misinformation,1,Anger,1,16,7.908093278,3.933487177,2,6,1,6,1,4.527777778,5.852285624,0
146,Control,0,100-1,100-1.png,1,DPP,1,True Information,0,Like,0,18,7.002743484,19.85974884,1,0,1,0,0,6.911111111,9.225364923,2
146,Control,0,100-2,100-2.png,2,DPP,1,True Information,0,Like,0,20,3.545953361,10.23219609,0,0,1,0,2,7.538888889,2.789399385,1
146,Control,0,100-3,100-3.png,3,DPP,1,True Information,0,Like,0,22,4.032921811,8.999059439,2,0,1,0,1,6.572222222,2.894412518,0
146,Control,0,101-1,101-1.png,1,DPP,1,True Information,0,Anger,1,24,6.563786008,5.03502965,1,6,0,0,0,4.405555556,2.102852583,2
146,Control,0,101-2,101-2.png,2,DPP,1,True Information,0,Anger,1,23,5.034293553,5.257433891,2,6,1,6,0,7.388888889,6.334205627,1
146,Control,0,101-3,101-3.png,3,DPP,1,True Information,0,Anger,1,21,6.598079561,6.350750685,1,6,1,6,2,7.488888889,4.205360889,0
146,Control,0,110-1,110-1.png,1,DPP,1,Misinformation,1,Like,0,19,7.530864198,9.856450319,0,0,1,0,1,6.683333333,11.56852317,2
146,Control,0,110-2,110-2.png,2,DPP,1,Misinformation,1,Like,0,17,7.023319616,2.715015411,2,0,1,0,0,6.655555556,2.553228855,1
146,Control,0,110-3,110-3.png,3,DPP,1,Misinformation,1,Like,0,15,7.853223594,8.611609936,1,0,1,0,2,5.566666667,6.711843252,0
146,Control,0,111-1,111-1.png,1,DPP,1,Misinformation,1,Anger,1,13,7.489711934,11.61205792,0,6,1,6,1,6.672222222,18.78392863,2
146,Control,0,111-2,111-2.png,2,DPP,1,Misinformation,1,Anger,1,11,8.600823045,5.634945393,2,6,1,6,0,3.461111111,9.308334827,1
146,Control,0,111-3,111-3.png,3,DPP,1,Misinformation,1,Anger,1,9,8.065843621,3.219108105,1,6,1,6,2,5.472222222,11.8249948,0
147,Prebunk,1,000-1,000-1.png,1,KMT,0,True Information,0,Like,0,9,3.010973937,7.048852682,1,0,1,0,2,5.483333333,8.236194611,0
147,Prebunk,1,000-2,000-2.png,2,KMT,0,True Information,0,Like,0,7,0,14.68624401,0,0,1,0,1,5.505555556,3.432753325,2
147,Prebunk,1,000-3,000-3.png,3,KMT,0,True Information,0,Like,0,5,1.015089163,15.78032327,2,0,1,0,0,5.488888889,4.624674797,1
147,Prebunk,1,001-1,001-1.png,1,KMT,0,True Information,0,Anger,1,3,7.002743484,10.64875627,1,6,1,6,2,7.611111111,6.51269269,0
147,Prebunk,1,001-2,001-2.png,2,KMT,0,True Information,0,Anger,1,1,7.002743484,15.7378633,0,6,1,6,1,5.516666667,6.704768896,2
147,Prebunk,1,001-3,001-3.png,3,KMT,0,True Information,0,Anger,1,2,9.046639232,9.643953562,0,6,1,6,2,4.483333333,5.338064432,1
147,Prebunk,1,010-1,010-1.png,1,KMT,0,Misinformation,1,Like,0,4,10,3.34754467,2,6,0,0,1,3.427777778,7.127322912,0
147,Prebunk,1,010-2,010-2.png,2,KMT,0,Misinformation,1,Like,0,6,10,4.210811138,1,0,1,0,0,4.444444444,9.136279583,2
147,Prebunk,1,010-3,010-3.png,3,KMT,0,Misinformation,1,Like,0,8,10,15.7652216,0,0,1,0,2,5.516666667,3.498204231,1
147,Prebunk,1,011-1,011-1.png,1,KMT,0,Misinformation,1,Anger,1,10,10,2.437967539,2,6,1,6,1,5.527777778,13.23044443,0
147,Prebunk,1,011-2,011-2.png,2,KMT,0,Misinformation,1,Anger,1,12,7.023319616,15.6116972,1,6,1,6,0,5.488888889,2.434444189,2
147,Prebunk,1,011-3,011-3.png,3,KMT,0,Misinformation,1,Anger,1,14,7.976680384,7.916254997,0,6,1,6,2,5.494444444,3.488851547,1
147,Prebunk,1,100-1,100-1.png,1,DPP,1,True Information,0,Like,0,16,3.010973937,10.06635809,2,0,1,0,1,5.516666667,7.337488413,0
147,Prebunk,1,100-2,100-2.png,2,DPP,1,True Information,0,Like,0,18,3.017832647,18.66051483,1,0,1,0,0,5.555555556,3.002407312,2
147,Prebunk,1,100-3,100-3.png,3,DPP,1,True Information,0,Like,0,20,0,7.888966322,0,0,1,0,2,7.577777778,5.270325422,1
147,Prebunk,1,101-1,101-1.png,1,DPP,1,True Information,0,Anger,1,22,6.008230453,9.685614347,2,6,0,0,1,5.516666667,8.774682283,0
147,Prebunk,1,101-2,101-2.png,2,DPP,1,True Information,0,Anger,1,24,6.028806584,17.40415287,1,6,1,6,0,5.594444444,2.27763772,2
147,Prebunk,1,101-3,101-3.png,3,DPP,1,True Information,0,Anger,1,23,7.016460905,9.679746389,2,6,1,6,0,5.461111111,2.329050303,1
147,Prebunk,1,110-1,110-1.png,1,DPP,1,Misinformation,1,Like,0,21,10,6.195504427,1,0,1,0,2,5.488888889,2.865659237,0
147,Prebunk,1,110-2,110-2.png,2,DPP,1,Misinformation,1,Like,0,19,10,7.043732882,0,0,1,0,1,5.411111111,3.0259974,2
147,Prebunk,1,110-3,110-3.png,3,DPP,1,Misinformation,1,Like,0,17,8.04526749,17.42060161,2,0,1,0,0,5.538888889,11.03219771,1
147,Prebunk,1,111-1,111-1.png,1,DPP,1,Misinformation,1,Anger,1,15,8.024691358,8.08822298,1,6,1,6,2,5.555555556,3.060235262,0
147,Prebunk,1,111-2,111-2.png,2,DPP,1,Misinformation,1,Anger,1,13,10,10.85690475,0,6,1,6,1,5.5,4.098989248,2
147,Prebunk,1,111-3,111-3.png,3,DPP,1,Misinformation,1,Anger,1,11,10,2.245207787,2,6,1,6,0,5.483333333,10.66502166,1
148,Prebunk,1,000-1,000-1.png,1,KMT,0,True Information,0,Like,0,13,1.433470508,10.33717966,0,0,1,0,1,8.255555556,3.437116623,2
148,Prebunk,1,000-2,000-2.png,2,KMT,0,True Information,0,Like,0,11,1.502057613,10.24181318,2,0,1,0,0,7.038888889,17.3293004,1
148,Prebunk,1,000-3,000-3.png,3,KMT,0,True Information,0,Like,0,9,2.530864198,9.222267151,1,0,1,0,2,8.672222222,13.47945285,0
148,Prebunk,1,001-1,001-1.png,1,KMT,0,True Information,0,Anger,1,7,8.53223594,18.31801128,0,6,1,6,1,3.872222222,7.053317547,2
148,Prebunk,1,001-2,001-2.png,2,KMT,0,True Information,0,Anger,1,5,0.5624142661,11.77511907,2,6,1,6,0,8.894444444,10.14062047,1
148,Prebunk,1,001-3,001-3.png,3,KMT,0,True Information,0,Anger,1,3,2.983539095,12.50898814,1,6,1,6,2,8.211111111,23.18481779,0
148,Prebunk,1,010-1,010-1.png,1,KMT,0,Misinformation,1,Like,0,1,10,7.876210213,0,0,1,0,1,1,4.023787737,2
148,Prebunk,1,010-2,010-2.png,2,KMT,0,Misinformation,1,Like,0,2,10,8.874530077,0,0,1,0,2,1,2.19406724,1
148,Prebunk,1,010-3,010-3.png,3,KMT,0,Misinformation,1,Like,0,4,10,5.722718,2,0,1,0,1,1,16.8337121,0
148,Prebunk,1,011-1,011-1.png,1,KMT,0,Misinformation,1,Anger,1,6,10,11.91304898,1,6,1,6,0,1,3.033679724,2
148,Prebunk,1,011-2,011-2.png,2,KMT,0,Misinformation,1,Anger,1,8,10,3.57952261,0,6,1,6,2,1,2.302615643,1
148,Prebunk,1,011-3,011-3.png,3,KMT,0,Misinformation,1,Anger,1,10,10,2.690094948,2,6,1,6,1,1,3.246263981,0
148,Prebunk,1,100-1,100-1.png,1,DPP,1,True Information,0,Like,0,12,1.481481481,9.398193121,1,0,1,0,0,8.922222222,3.302166462,2
148,Prebunk,1,100-2,100-2.png,2,DPP,1,True Information,0,Like,0,14,0,6.187922716,0,0,1,0,2,9.4,2.326688766,1
148,Prebunk,1,100-3,100-3.png,3,DPP,1,True Information,0,Like,0,16,2.43484225,5.629487038,2,0,1,0,1,7.055555556,20.13836718,0
148,Prebunk,1,101-1,101-1.png,1,DPP,1,True Information,0,Anger,1,18,0,8.929298162,1,6,0,0,0,9.266666667,3.275719404,2
148,Prebunk,1,101-2,101-2.png,2,DPP,1,True Information,0,Anger,1,20,1.46776406,9.849155188,0,6,1,6,2,7.316666667,2.431892395,1
148,Prebunk,1,101-3,101-3.png,3,DPP,1,True Information,0,Anger,1,22,6.58436214,9.322418451,2,6,1,6,1,4.411111111,15.01434898,0
148,Prebunk,1,110-1,110-1.png,1,DPP,1,Misinformation,1,Like,0,24,10,3.456621647,1,0,1,0,0,1,1.84072113,2
148,Prebunk,1,110-2,110-2.png,2,DPP,1,Misinformation,1,Like,0,23,10,1.766367912,2,0,1,0,0,1,5.465758085,1
148,Prebunk,1,110-3,110-3.png,3,DPP,1,Misinformation,1,Like,0,21,10,1.833344221,1,0,1,0,2,1,2.763012171,0
148,Prebunk,1,111-1,111-1.png,1,DPP,1,Misinformation,1,Anger,1,19,10,2.31148386,0,6,1,6,1,1,6.440630913,2
148,Prebunk,1,111-2,111-2.png,2,DPP,1,Misinformation,1,Anger,1,17,10,2.518311024,2,6,1,6,0,1,1.999593973,1
148,Prebunk,1,111-3,111-3.png,3,DPP,1,Misinformation,1,Anger,1,15,10,5.76674962,1,6,1,6,2,1,2.853652716,0
149,Control,0,000-1,000-1.png,1,KMT,0,True Information,0,Like,0,15,0.2126200274,4.689627409,1,0,1,0,2,2.7,3.951172113,0
149,Control,0,000-2,000-2.png,2,KMT,0,True Information,0,Like,0,13,0.6172839506,6.280872822,0,0,1,0,1,8.616666667,2.482764482,2
149,Control,0,000-3,000-3.png,3,KMT,0,True Information,0,Like,0,11,0.3566529492,2.449531794,2,0,1,0,0,8.116666667,5.809752703,1
149,Control,0,001-1,001-1.png,1,KMT,0,True Information,0,Anger,1,9,0.7270233196,3.033964872,1,6,1,6,2,7.294444444,3.104611635,0
149,Control,0,001-2,001-2.png,2,KMT,0,True Information,0,Anger,1,7,1.117969822,6.431166172,0,6,1,6,1,7.427777778,3.206745863,2
149,Control,0,001-3,001-3.png,3,KMT,0,True Information,0,Anger,1,5,0.8641975309,5.35236764,2,0,0,6,0,6.95,13.65310645,1
149,Control,0,010-1,010-1.png,1,KMT,0,Misinformation,1,Like,0,3,10,2.655933619,1,0,1,0,2,3.538888889,16.30826306,0
149,Control,0,010-2,010-2.png,2,KMT,0,Misinformation,1,Like,0,1,10,9.339734077,0,0,1,0,1,8.605555556,7.355018139,2
149,Control,0,010-3,010-3.png,3,KMT,0,Misinformation,1,Like,0,2,10,3.733149052,0,0,1,0,2,6.383333333,6.00135994,1
149,Control,0,011-1,011-1.png,1,KMT,0,Misinformation,1,Anger,1,4,8.895747599,17.94268012,2,6,1,6,1,6.438888889,6.183816433,0
149,Control,0,011-2,011-2.png,2,KMT,0,Misinformation,1,Anger,1,6,8.40877915,19.04051805,1,6,1,6,0,6.466666667,7.231558084,2
149,Control,0,011-3,011-3.png,3,KMT,0,Misinformation,1,Anger,1,8,8.449931413,2.81563735,0,6,1,6,2,7.511111111,2.080802917,1
149,Control,0,100-1,100-1.png,1,DPP,1,True Information,0,Like,0,10,1.09739369,9.198341131,2,0,1,0,1,2.655555556,2.100593328,0
149,Control,0,100-2,100-2.png,2,DPP,1,True Information,0,Like,0,12,4.924554184,16.00246215,1,0,1,0,0,8.766666667,3.94853878,2
149,Control,0,100-3,100-3.png,3,DPP,1,True Information,0,Like,0,14,0,5.035945892,0,0,1,0,2,8.55,1.880994797,1
149,Control,0,101-1,101-1.png,1,DPP,1,True Information,0,Anger,1,16,0,6.243523121,2,6,0,0,1,2.338888889,3.486356735,0
149,Control,0,101-2,101-2.png,2,DPP,1,True Information,0,Anger,1,18,0.3909465021,3.390468121,1,6,1,6,0,2.372222222,6.782393456,2
149,Control,0,101-3,101-3.png,3,DPP,1,True Information,0,Anger,1,20,0.5692729767,4.039024591,0,6,1,6,2,7.683333333,6.06221652,1
149,Control,0,110-1,110-1.png,1,DPP,1,Misinformation,1,Like,0,22,9.437585734,2.315297842,2,0,1,0,1,3.244444444,2.50885582,0
149,Control,0,110-2,110-2.png,2,DPP,1,Misinformation,1,Like,0,24,9.27297668,3.900131702,1,0,1,0,0,7.761111111,5.443378448,2
149,Control,0,110-3,110-3.png,3,DPP,1,Misinformation,1,Like,0,23,9.012345679,2.228067875,2,6,0,0,0,8.583333333,7.067813873,1
149,Control,0,111-1,111-1.png,1,DPP,1,Misinformation,1,Anger,1,21,4.766803841,5.173858881,1,6,1,6,2,2.122222222,5.350733042,0
149,Control,0,111-2,111-2.png,2,DPP,1,Misinformation,1,Anger,1,19,10,2.65794158,0,6,1,6,1,2.111111111,4.822017193,2
149,Control,0,111-3,111-3.png,3,DPP,1,Misinformation,1,Anger,1,17,10,3.301440954,2,6,1,6,0,8.794444444,14.8292129,1
150,Prebunk,1,000-1,000-1.png,1,KMT,0,True Information,0,Like,0,17,7.016460905,3.7717836,2,0,1,0,0,7.416666667,8.7073008,1
150,Prebunk,1,000-2,000-2.png,2,KMT,0,True Information,0,Like,0,15,7.07133059,3.313349,1,0,1,0,2,5.85,3.856915,0
150,Prebunk,1,000-3,000-3.png,3,KMT,0,True Information,0,Like,0,13,3.031550069,5.0117262,0,0,1,0,1,7.722222222,2.6404653,2
150,Prebunk,1,001-1,001-1.png,1,KMT,0,True Information,0,Anger,1,11,3.0521262,4.8562977,2,6,1,6,0,7.661111111,2.7143584,1
150,Prebunk,1,001-2,001-2.png,2,KMT,0,True Information,0,Anger,1,9,4.01920439,6.799401,1,6,1,6,2,6.338888889,4.2233755,0
150,Prebunk,1,001-3,001-3.png,3,KMT,0,True Information,0,Anger,1,7,5,25.0574823,0,6,1,6,1,4.5,4.3011189,2
150,Prebunk,1,010-1,010-1.png,1,KMT,0,Misinformation,1,Like,0,5,6.399176955,5.283595,2,6,0,0,0,3.655555556,23.2605723,1
150,Prebunk,1,010-2,010-2.png,2,KMT,0,Misinformation,1,Like,0,3,6.989026063,12.4683619,1,0,1,0,2,5.994444444,4.6454056,0
150,Prebunk,1,010-3,010-3.png,3,KMT,0,Misinformation,1,Like,0,1,8.943758573,5.6129553,0,0,1,0,1,5.466666667,5.8407164,2
150,Prebunk,1,011-1,011-1.png,1,KMT,0,Misinformation,1,Anger,1,2,9.01920439,3.4243204,0,6,1,6,2,5.383333333,3.7936684,1
150,Prebunk,1,011-2,011-2.png,2,KMT,0,Misinformation,1,Anger,1,4,8.058984911,16.1678913,2,6,1,6,1,4.183333333,30.7985598,0
150,Prebunk,1,011-3,011-3.png,3,KMT,0,Misinformation,1,Anger,1,6,4.972565158,27.4643436,1,6,1,6,0,7.455555556,4.7502067,2
150,Prebunk,1,100-1,100-1.png,1,DPP,1,True Information,0,Like,0,8,6.049382716,4.4701349,0,0,1,0,2,6.605555556,5.7386057,1
150,Prebunk,1,100-2,100-2.png,2,DPP,1,True Information,0,Like,0,10,3.0521262,7.175271,2,0,1,0,1,7.794444444,2.9255583,0
150,Prebunk,1,100-3,100-3.png,3,DPP,1,True Information,0,Like,0,12,3.943758573,6.645736,1,0,1,0,0,6.633333333,3.0777665,2
150,Prebunk,1,101-1,101-1.png,1,DPP,1,True Information,0,Anger,1,14,4.032921811,16.8915538,0,6,0,0,2,6.55,5.5101427,1
150,Prebunk,1,101-2,101-2.png,2,DPP,1,True Information,0,Anger,1,16,3.923182442,7.9812729,2,6,1,6,1,7.788888889,3.6828302,0
150,Prebunk,1,101-3,101-3.png,3,DPP,1,True Information,0,Anger,1,18,3.004115226,2.8482784,1,6,1,6,0,7.511111111,2.3581522,2
150,Prebunk,1,110-1,110-1.png,1,DPP,1,Misinformation,1,Like,0,20,8.072702332,3.321945,0,0,1,0,2,3.383333333,6.6215897,1
150,Prebunk,1,110-2,110-2.png,2,DPP,1,Misinformation,1,Like,0,22,9.01920439,4.3816403,2,0,1,0,1,7.727777778,4.1056537,0
150,Prebunk,1,110-3,110-3.png,3,DPP,1,Misinformation,1,Like,0,24,6.927297668,2.8444869,1,0,1,0,0,7.605555556,2.1413314,2
150,Prebunk,1,111-1,111-1.png,1,DPP,1,Misinformation,1,Anger,1,23,8.017832647,3.0146962,2,6,1,6,0,4.383333333,3.3071821,1
150,Prebunk,1,111-2,111-2.png,2,DPP,1,Misinformation,1,Anger,1,21,7.030178326,3.2655186,1,6,1,6,2,4.116666667,24.1975171,0
150,Prebunk,1,111-3,111-3.png,3,DPP,1,Misinformation,1,Anger,1,19,8.058984911,3.7465357,0,6,1,6,1,3.4,5.254495,2
151,Control,0,000-1,000-1.png,1,KMT,0,True Information,0,Like,0,19,6.042524005,4.762333155,0,0,1,0,1,6.855555556,3.990154505,2
151,Control,0,000-2,000-2.png,2,KMT,0,True Information,0,Like,0,17,5.987654321,5.492784023,2,0,1,0,0,8.738888889,7.086728573,1
151,Control,0,000-3,000-3.png,3,KMT,0,True Information,0,Like,0,15,2.325102881,5.738831043,1,0,1,0,2,7.544444444,7.950264931,0
151,Control,0,001-1,001-1.png,1,KMT,0,True Information,0,Anger,1,13,7.222222222,3.625374317,0,6,1,6,1,8.194444444,3.356732845,2
151,Control,0,001-2,001-2.png,2,KMT,0,True Information,0,Anger,1,11,2.215363512,5.508983612,2,6,1,6,0,8.011111111,10.54749322,1
151,Control,0,001-3,001-3.png,3,KMT,0,True Information,0,Anger,1,9,5.178326475,7.464442492,1,6,1,6,2,7.222222222,6.70584178,0
151,Control,0,010-1,010-1.png,1,KMT,0,Misinformation,1,Like,0,7,9.005486968,6.371670246,0,0,1,0,1,3.644444444,7.985255718,2
151,Control,0,010-2,010-2.png,2,KMT,0,Misinformation,1,Like,0,5,8.04526749,4.310019016,2,0,1,0,0,5.7,9.698079348,1
151,Control,0,010-3,010-3.png,3,KMT,0,Misinformation,1,Like,0,3,9.14951989,6.905807972,1,0,1,0,2,4.177777778,2.940972567,0
151,Control,0,011-1,011-1.png,1,KMT,0,Misinformation,1,Anger,1,1,9.718792867,5.143151999,0,6,1,6,1,3.438888889,5.42450428,2
151,Control,0,011-2,011-2.png,2,KMT,0,Misinformation,1,Anger,1,2,9.746227709,8.005617619,0,6,1,6,2,2.083333333,3.197227955,1
151,Control,0,011-3,011-3.png,3,KMT,0,Misinformation,1,Anger,1,4,6.975308642,9.614977837,2,6,1,6,1,5.005555556,3.21161747,0
151,Control,0,100-1,100-1.png,1,DPP,1,True Information,0,Like,0,6,5.322359396,28.51740026,1,0,1,0,0,7.927777778,3.697117567,2
151,Control,0,100-2,100-2.png,2,DPP,1,True Information,0,Like,0,8,5.555555556,13.08833146,0,0,1,0,2,8.85,2.424385309,1
151,Control,0,100-3,100-3.png,3,DPP,1,True Information,0,Like,0,10,4.26611797,5.985684633,2,0,1,0,1,8.661111111,8.804926872,0
151,Control,0,101-1,101-1.png,1,DPP,1,True Information,0,Anger,1,12,4.519890261,14.41951466,1,6,0,0,0,6.333333333,3.384657621,2
151,Control,0,101-2,101-2.png,2,DPP,1,True Information,0,Anger,1,14,3.038408779,5.862722158,0,6,1,6,2,6.616666667,2.584022999,1
151,Control,0,101-3,101-3.png,3,DPP,1,True Information,0,Anger,1,16,7.551440329,7.838436842,2,6,1,6,1,7.677777778,3.958478212,0
151,Control,0,110-1,110-1.png,1,DPP,1,Misinformation,1,Like,0,18,9.643347051,4.035095453,1,0,1,0,0,4.005555556,8.552544355,2
151,Control,0,110-2,110-2.png,2,DPP,1,Misinformation,1,Like,0,20,9.643347051,3.07456851,0,0,1,0,2,3.894444444,4.732010126,1
151,Control,0,110-3,110-3.png,3,DPP,1,Misinformation,1,Like,0,22,10,1.9464643,2,0,1,0,1,1.483333333,10.40714574,0
151,Control,0,111-1,111-1.png,1,DPP,1,Misinformation,1,Anger,1,24,10,6.577159166,1,0,0,6,0,3.705555556,4.495900869,2
151,Control,0,111-2,111-2.png,2,DPP,1,Misinformation,1,Anger,1,23,8.936899863,7.782514572,2,6,1,6,0,2.733333333,2.667687178,1
151,Control,0,111-3,111-3.png,3,DPP,1,Misinformation,1,Anger,1,21,9.533607682,2.506709337,1,6,1,6,2,3.9,2.905195951,0
152,Prebunk,1,000-1,000-1.png,1,KMT,0,True Information,0,Like,0,21,0,6.124205828,1,0,1,0,2,3.338888889,2.964148998,0
152,Prebunk,1,000-2,000-2.png,2,KMT,0,True Information,0,Like,0,19,2.798353909,3.21519351,0,0,1,0,1,7.572222222,2.61694169,2
152,Prebunk,1,000-3,000-3.png,3,KMT,0,True Information,0,Like,0,17,6.083676269,2.776964188,2,0,1,0,0,3.677777778,2.811843395,1
152,Prebunk,1,001-1,001-1.png,1,KMT,0,True Information,0,Anger,1,15,4.060356653,4.521508455,1,6,1,6,2,3.255555556,3.890024662,0
152,Prebunk,1,001-2,001-2.png,2,KMT,0,True Information,0,Anger,1,13,6.138545953,9.453431606,0,6,1,6,1,3.627777778,3.081476688,2
152,Prebunk,1,001-3,001-3.png,3,KMT,0,True Information,0,Anger,1,11,10,2.698166609,2,6,1,6,0,3.522222222,5.670993328,1
152,Prebunk,1,010-1,010-1.png,1,KMT,0,Misinformation,1,Like,0,9,10,7.035208464,1,0,1,0,2,3.416666667,4.126353502,0
152,Prebunk,1,010-2,010-2.png,2,KMT,0,Misinformation,1,Like,0,7,9.080932785,5.747574806,0,0,1,0,1,3.272222222,3.991012573,2
152,Prebunk,1,010-3,010-3.png,3,KMT,0,Misinformation,1,Like,0,5,5.987654321,5.543045521,2,0,1,0,0,3.555555556,8.674088001,1
152,Prebunk,1,011-1,011-1.png,1,KMT,0,Misinformation,1,Anger,1,3,7.064471879,3.375778675,1,6,1,6,2,3.366666667,2.977169514,0
152,Prebunk,1,011-2,011-2.png,2,KMT,0,Misinformation,1,Anger,1,1,8.031550069,7.028284788,0,6,1,6,1,5.488888889,4.743270636,2
152,Prebunk,1,011-3,011-3.png,3,KMT,0,Misinformation,1,Anger,1,2,10,6.484482288,0,6,1,6,2,3.322222222,6.485035896,1
152,Prebunk,1,100-1,100-1.png,1,DPP,1,True Information,0,Like,0,4,4.965706447,9.241959333,2,0,1,0,1,5.533333333,3.296271086,0
152,Prebunk,1,100-2,100-2.png,2,DPP,1,True Information,0,Like,0,6,4.993141289,6.094153166,1,0,1,0,0,3.277777778,2.382923603,2
152,Prebunk,1,100-3,100-3.png,3,DPP,1,True Information,0,Like,0,8,3.998628258,7.132925749,0,0,1,0,2,5.494444444,3.665872812,1
152,Prebunk,1,101-1,101-1.png,1,DPP,1,True Information,0,Anger,1,10,6.063100137,4.12508297,2,6,0,0,1,3.455555556,4.227790594,0
152,Prebunk,1,101-2,101-2.png,2,DPP,1,True Information,0,Anger,1,12,4.053497942,9.746535778,1,6,1,6,0,5.622222222,4.600139856,2
152,Prebunk,1,101-3,101-3.png,3,DPP,1,True Information,0,Anger,1,14,6.810699588,4.14593792,0,6,1,6,2,3.483333333,2.851692438,1
152,Prebunk,1,110-1,110-1.png,1,DPP,1,Misinformation,1,Like,0,16,8.271604938,3.24770236,2,6,0,0,1,3.472222222,8.536015749,0
152,Prebunk,1,110-2,110-2.png,2,DPP,1,Misinformation,1,Like,0,18,10,5.422638893,1,0,1,0,0,2.983333333,3.215536594,2
152,Prebunk,1,110-3,110-3.png,3,DPP,1,Misinformation,1,Like,0,20,10,2.463917494,0,0,1,0,2,2.888888889,2.113729239,1
152,Prebunk,1,111-1,111-1.png,1,DPP,1,Misinformation,1,Anger,1,22,7.818930041,9.75885725,2,6,1,6,1,3.527777778,2.234964609,0
152,Prebunk,1,111-2,111-2.png,2,DPP,1,Misinformation,1,Anger,1,24,8.086419753,7.494348526,1,6,1,6,0,2.6,2.139594793,2
152,Prebunk,1,111-3,111-3.png,3,DPP,1,Misinformation,1,Anger,1,23,10,1.245020151,2,6,1,6,0,2.583333333,3.603662252,1
10,Prebunk,1,000-1,000-1.png,1,KMT,0,True Information,0,Like,0,16,2.482853224,7.275991201,2,0,1,0,1,7.838888889,1.650917292,0
10,Prebunk,1,000-2,000-2.png,2,KMT,0,True Information,0,Like,0,18,2.002743484,2.17919445,1,0,1,0,0,7.594444444,2.124235868,2
10,Prebunk,1,000-3,000-3.png,3,KMT,0,True Information,0,Like,0,20,3.093278464,3.078516483,0,0,1,0,2,6.8,2.067745447,1
10,Prebunk,1,001-1,001-1.png,1,KMT,0,True Information,0,Anger,1,22,6.515775034,7.423939228,2,6,1,6,1,3.55,3.344748259,0
10,Prebunk,1,001-2,001-2.png,2,KMT,0,True Information,0,Anger,1,24,2.44170096,6.322470665,1,6,1,6,0,4.383333333,5.124319553,2
10,Prebunk,1,001-3,001-3.png,3,KMT,0,True Information,0,Anger,1,23,3.491083676,4.280402422,2,6,1,6,0,5.616666667,14.45753908,1
10,Prebunk,1,010-1,010-1.png,1,KMT,0,Misinformation,1,Like,0,21,7.942386831,3.146722317,1,0,1,0,2,3.433333333,2.619364738,0
10,Prebunk,1,010-2,010-2.png,2,KMT,0,Misinformation,1,Like,0,19,6.474622771,3.414694548,0,0,1,0,1,6.661111111,4.52782917,2
10,Prebunk,1,010-3,010-3.png,3,KMT,0,Misinformation,1,Like,0,17,7.07133059,2.964366674,2,0,1,0,0,4.355555556,2.594521999,1
10,Prebunk,1,011-1,011-1.png,1,KMT,0,Misinformation,1,Anger,1,15,7.469135802,3.419966936,1,6,1,6,2,4.105555556,3.379183054,0
10,Prebunk,1,011-2,011-2.png,2,KMT,0,Misinformation,1,Anger,1,13,7.030178326,5.269364119,0,6,1,6,1,3.761111111,3.78128314,2
10,Prebunk,1,011-3,011-3.png,3,KMT,0,Misinformation,1,Anger,1,11,7.469135802,4.340966702,2,6,1,6,0,3.411111111,6.125206709,1
10,Prebunk,1,100-1,100-1.png,1,DPP,1,True Information,0,Like,0,9,3.155006859,3.279271364,1,0,1,0,2,7.594444444,3.330392838,0
10,Prebunk,1,100-2,100-2.png,2,DPP,1,True Information,0,Like,0,7,7.023319616,5.289471149,0,0,1,0,1,6.533333333,8.696534157,2
10,Prebunk,1,100-3,100-3.png,3,DPP,1,True Information,0,Like,0,5,5.953360768,10.53850245,2,0,1,0,0,7.65,3.806546688,1
10,Prebunk,1,101-1,101-1.png,1,DPP,1,True Information,0,Anger,1,3,3.978052126,7.50668025,1,6,0,0,2,3.394444444,2.966542244,0
10,Prebunk,1,101-2,101-2.png,2,DPP,1,True Information,0,Anger,1,1,2.962962963,5.604568243,0,6,1,6,1,7.661111111,8.311322451,2
10,Prebunk,1,101-3,101-3.png,3,DPP,1,True Information,0,Anger,1,2,3.038408779,4.834309101,0,6,1,6,2,3.544444444,4.171941996,1
10,Prebunk,1,110-1,110-1.png,1,DPP,1,Misinformation,1,Like,0,4,1.008230453,4.981372833,2,6,0,0,1,3.4,2.920523167,0
10,Prebunk,1,110-2,110-2.png,2,DPP,1,Misinformation,1,Like,0,6,9.012345679,2.866983891,1,0,1,0,0,4.533333333,20.79626608,2
10,Prebunk,1,110-3,110-3.png,3,DPP,1,Misinformation,1,Like,0,8,8.093278464,2.904776812,0,0,1,0,2,6.411111111,3.930678368,1
10,Prebunk,1,111-1,111-1.png,1,DPP,1,Misinformation,1,Anger,1,10,7.962962963,7.86221385,2,6,1,6,1,3.6,2.745415926,0
10,Prebunk,1,111-2,111-2.png,2,DPP,1,Misinformation,1,Anger,1,12,7.050754458,5.707895994,1,6,1,6,0,3.427777778,2.819744349,2
10,Prebunk,1,111-3,111-3.png,3,DPP,1,Misinformation,1,Anger,1,14,7.009602195,2.869900465,0,6,1,6,2,3.722222222,2.901272535,1
153,Control,0,000-1,000-1.png,1,KMT,0,True Information,0,Like,0,23,7.139917695,8.151772022,2,0,1,0,0,8.527777778,2.408047438,1
153,Control,0,000-2,000-2.png,2,KMT,0,True Information,0,Like,0,21,5.49382716,3.556401253,1,0,1,0,2,7.727777778,2.9645679,0
153,Control,0,000-3,000-3.png,3,KMT,0,True Information,0,Like,0,19,7.482853224,3.162457943,0,0,1,0,1,6.905555556,4.287442684,2
153,Control,0,001-1,001-1.png,1,KMT,0,True Information,0,Anger,1,17,3.017832647,6.698204041,2,6,1,6,0,4.561111111,2.856375217,1
153,Control,0,001-2,001-2.png,2,KMT,0,True Information,0,Anger,1,15,3.78600823,4.218977451,1,6,1,6,2,2.072222222,3.049245596,0
153,Control,0,001-3,001-3.png,3,KMT,0,True Information,0,Anger,1,13,4.012345679,3.48858428,0,6,1,6,1,6.672222222,4.710725069,2
153,Control,0,010-1,010-1.png,1,KMT,0,Misinformation,1,Like,0,11,5.651577503,3.170109749,2,0,1,0,0,7.222222222,5.402187586,1
153,Control,0,010-2,010-2.png,2,KMT,0,Misinformation,1,Like,0,9,6.035665295,2.890559435,1,0,1,0,2,6.638888889,2.795241117,0
153,Control,0,010-3,010-3.png,3,KMT,0,Misinformation,1,Like,0,7,6.008230453,6.673183918,0,0,1,0,1,4.45,4.708614349,2
153,Control,0,011-1,011-1.png,1,KMT,0,Misinformation,1,Anger,1,5,7.935528121,4.1257236,2,6,1,6,0,2.405555556,3.434528589,1
153,Control,0,011-2,011-2.png,2,KMT,0,Misinformation,1,Anger,1,3,7.085048011,6.060821056,1,6,1,6,2,4.527777778,17.94200063,0
153,Control,0,011-3,011-3.png,3,KMT,0,Misinformation,1,Anger,1,1,7.503429355,5.581227541,0,6,1,6,1,4.494444444,7.062008619,2
153,Control,0,100-1,100-1.png,1,DPP,1,True Information,0,Like,0,2,6.330589849,8.170844555,0,0,1,0,2,7.216666667,3.28367424,1
153,Control,0,100-2,100-2.png,2,DPP,1,True Information,0,Like,0,4,5.048010974,8.410977364,2,0,1,0,1,7.622222222,3.80776453,0
153,Control,0,100-3,100-3.png,3,DPP,1,True Information,0,Like,0,6,5.013717421,9.617659092,1,0,1,0,0,5.572222222,2.872728825,2
153,Control,0,101-1,101-1.png,1,DPP,1,True Information,0,Anger,1,8,6.556927298,4.872074366,0,6,0,0,2,4.322222222,2.518260241,1
153,Control,0,101-2,101-2.png,2,DPP,1,True Information,0,Anger,1,10,4.430727023,5.3517735,2,6,1,6,1,4.166666667,3.696789026,0
153,Control,0,101-3,101-3.png,3,DPP,1,True Information,0,Anger,1,12,6.543209877,4.538867235,1,6,1,6,0,6.394444444,6.61579299,2
153,Control,0,110-1,110-1.png,1,DPP,1,Misinformation,1,Like,0,14,6.721536351,2.553380489,0,0,1,0,2,3.444444444,4.760641098,1
153,Control,0,110-2,110-2.png,2,DPP,1,Misinformation,1,Like,0,16,8.038408779,4.210219383,2,0,1,0,1,8.561111111,4.729284048,0
153,Control,0,110-3,110-3.png,3,DPP,1,Misinformation,1,Like,0,18,8.463648834,2.330837727,1,0,1,0,0,3.911111111,2.24907136,2
153,Control,0,111-1,111-1.png,1,DPP,1,Misinformation,1,Anger,1,20,7.55829904,4.184121132,0,6,1,6,2,1.727777778,3.167945147,1
153,Control,0,111-2,111-2.png,2,DPP,1,Misinformation,1,Anger,1,22,8.017832647,9.351182461,2,6,1,6,1,2.472222222,3.681038618,0
153,Control,0,111-3,111-3.png,3,DPP,1,Misinformation,1,Anger,1,24,8.161865569,3.035158396,1,6,1,6,0,2.533333333,4.110460758,2
154,Prebunk,1,000-1,000-1.png,1,KMT,0,True Information,0,Like,0,24,5.24691358,2.896201611,1,0,1,0,0,5.144444444,3.266103506,2
154,Prebunk,1,000-2,000-2.png,2,KMT,0,True Information,0,Like,0,23,4.471879287,9.158818245,2,0,1,0,0,7.266666667,5.69722414,1
154,Prebunk,1,000-3,000-3.png,3,KMT,0,True Information,0,Like,0,21,5.48696845,7.606585503,1,0,1,0,2,5.45,3.643027782,0
154,Prebunk,1,001-1,001-1.png,1,KMT,0,True Information,0,Anger,1,19,6.742112483,5.708331823,0,6,1,6,1,3.305555556,2.859008789,2
154,Prebunk,1,001-2,001-2.png,2,KMT,0,True Information,0,Anger,1,17,1.975308642,10.95750928,2,6,1,6,0,8.205555556,3.864901066,1
154,Prebunk,1,001-3,001-3.png,3,KMT,0,True Information,0,Anger,1,15,3.04526749,8.746466637,1,6,1,6,2,6.566666667,4.125904799,0
154,Prebunk,1,010-1,010-1.png,1,KMT,0,Misinformation,1,Like,0,13,8.120713306,8.72356391,0,0,1,0,1,4.572222222,4.597116709,2
154,Prebunk,1,010-2,010-2.png,2,KMT,0,Misinformation,1,Like,0,11,6.481481481,12.12202716,2,0,1,0,0,5.372222222,3.604305506,1
154,Prebunk,1,010-3,010-3.png,3,KMT,0,Misinformation,1,Like,0,9,6.289437586,6.626041174,1,0,1,0,2,4.55,2.875668049,0
154,Prebunk,1,011-1,011-1.png,1,KMT,0,Misinformation,1,Anger,1,7,7.661179698,4.619539499,0,6,1,6,1,3.555555556,3.619475603,2
154,Prebunk,1,011-2,011-2.png,2,KMT,0,Misinformation,1,Anger,1,5,8.004115226,6.170013428,2,6,1,6,0,2.911111111,3.027371407,1
154,Prebunk,1,011-3,011-3.png,3,KMT,0,Misinformation,1,Anger,1,3,8.024691358,3.173676729,1,6,1,6,2,3.411111111,8.519503593,0
154,Prebunk,1,100-1,100-1.png,1,DPP,1,True Information,0,Like,0,1,5.006858711,12.3273294,0,0,1,0,1,6.172222222,8.338224649,2
154,Prebunk,1,100-2,100-2.png,2,DPP,1,True Information,0,Like,0,2,2.043895748,6.338513613,0,0,1,0,2,7.694444444,3.071736574,1
154,Prebunk,1,100-3,100-3.png,3,DPP,1,True Information,0,Like,0,4,2.201646091,11.32471776,2,0,1,0,1,6.733333333,5.113277435,0
154,Prebunk,1,101-1,101-1.png,1,DPP,1,True Information,0,Anger,1,6,2.037037037,10.87532163,1,6,0,0,0,5.683333333,4.194282055,2
154,Prebunk,1,101-2,101-2.png,2,DPP,1,True Information,0,Anger,1,8,5.171467764,5.39478755,0,6,1,6,2,5.588888889,2.341390133,1
154,Prebunk,1,101-3,101-3.png,3,DPP,1,True Information,0,Anger,1,10,3.882030178,5.53422308,2,6,1,6,1,6.138888889,5.322336912,0
154,Prebunk,1,110-1,110-1.png,1,DPP,1,Misinformation,1,Like,0,12,7.585733882,2.345344782,1,0,1,0,0,5.244444444,4.217849255,2
154,Prebunk,1,110-2,110-2.png,2,DPP,1,Misinformation,1,Like,0,14,7.119341564,2.783752918,0,0,1,0,2,5.233333333,3.118952513,1
154,Prebunk,1,110-3,110-3.png,3,DPP,1,Misinformation,1,Like,0,16,5.061728395,13.97247672,2,0,1,0,1,7.633333333,9.6658988,0
154,Prebunk,1,111-1,111-1.png,1,DPP,1,Misinformation,1,Anger,1,18,6.975308642,5.36203599,1,6,1,6,0,3.661111111,1.956674337,2
154,Prebunk,1,111-2,111-2.png,2,DPP,1,Misinformation,1,Anger,1,20,6.934156379,3.514729977,0,6,1,6,2,5.555555556,4.222527266,1
154,Prebunk,1,111-3,111-3.png,3,DPP,1,Misinformation,1,Anger,1,22,7.0781893,37.90784287,2,6,1,6,1,4.655555556,8.614821672,0
155,Control,0,000-1,000-1.png,1,KMT,0,True Information,0,Like,0,22,1.289437586,10.04773593,2,0,1,0,1,6.988888889,2.721344709,0
155,Control,0,000-2,000-2.png,2,KMT,0,True Information,0,Like,0,24,5.164609053,2.911812067,1,0,1,0,0,6.627777778,2.320600748,2
155,Control,0,000-3,000-3.png,3,KMT,0,True Information,0,Like,0,23,4.972565158,8.412714958,2,0,1,0,0,6.405555556,2.447370052,1
155,Control,0,001-1,001-1.png,1,KMT,0,True Information,0,Anger,1,21,5.157750343,5.26988554,1,0,0,6,2,6.327777778,2.962141514,0
155,Control,0,001-2,001-2.png,2,KMT,0,True Information,0,Anger,1,19,2.599451303,6.97123909,0,6,1,6,1,4.45,5.581160069,2
155,Control,0,001-3,001-3.png,3,KMT,0,True Information,0,Anger,1,17,6.268861454,5.70321703,2,0,0,6,0,3.6,3.345536947,1
155,Control,0,010-1,010-1.png,1,KMT,0,Misinformation,1,Like,0,15,7.818930041,7.351351976,1,0,1,0,2,3.827777778,1.870253086,0
155,Control,0,010-2,010-2.png,2,KMT,0,Misinformation,1,Like,0,13,7.139917695,9.383177757,0,0,1,0,1,4.388888889,2.390542269,2
155,Control,0,010-3,010-3.png,3,KMT,0,Misinformation,1,Like,0,11,9.128943759,3.215638876,2,0,1,0,0,2.561111111,6.883733273,1
155,Control,0,011-1,011-1.png,1,KMT,0,Misinformation,1,Anger,1,9,7.654320988,4.349168777,1,6,1,6,2,3.861111111,5.703552723,0
155,Control,0,011-2,011-2.png,2,KMT,0,Misinformation,1,Anger,1,7,7.839506173,4.060357571,0,6,1,6,1,2.388888889,5.827542782,2
155,Control,0,011-3,011-3.png,3,KMT,0,Misinformation,1,Anger,1,5,7.064471879,10.12967157,2,6,1,6,0,2.716666667,11.32672763,1
155,Control,0,100-1,100-1.png,1,DPP,1,True Information,0,Like,0,3,5.960219479,10.56012344,1,0,1,0,2,6.766666667,7.375903845,0
155,Control,0,100-2,100-2.png,2,DPP,1,True Information,0,Like,0,1,5.994513032,26.73158407,0,4,0,0,1,5.511111111,5.321686268,2
155,Control,0,100-3,100-3.png,3,DPP,1,True Information,0,Like,0,2,1.975308642,20.05336523,0,0,1,0,2,4.911111111,12.8997066,1
155,Control,0,101-1,101-1.png,1,DPP,1,True Information,0,Anger,1,4,4.176954733,12.6683383,2,0,1,0,1,6.316666667,5.72712636,0
155,Control,0,101-2,101-2.png,2,DPP,1,True Information,0,Anger,1,6,4.135802469,21.93552041,1,6,1,6,0,5.905555556,3.070418358,2
155,Control,0,101-3,101-3.png,3,DPP,1,True Information,0,Anger,1,8,1.433470508,22.61600637,0,0,0,6,2,6.083333333,7.428522825,1
155,Control,0,110-1,110-1.png,1,DPP,1,Misinformation,1,Like,0,10,8.216735254,7.096247673,2,6,0,0,1,4.405555556,4.085599184,0
155,Control,0,110-2,110-2.png,2,DPP,1,Misinformation,1,Like,0,12,9.917695473,2.943671942,1,0,1,0,0,1.7,2.669517517,2
155,Control,0,110-3,110-3.png,3,DPP,1,Misinformation,1,Like,0,14,7.270233196,17.10402322,0,0,1,0,2,4.238888889,2.154441357,1
155,Control,0,111-1,111-1.png,1,DPP,1,Misinformation,1,Anger,1,16,8.127572016,6.252127886,2,6,1,6,1,3.438888889,3.494477987,0
155,Control,0,111-2,111-2.png,2,DPP,1,Misinformation,1,Anger,1,18,6.982167353,7.034369469,1,0,0,6,0,4.105555556,2.575023413,2
155,Control,0,111-3,111-3.png,3,DPP,1,Misinformation,1,Anger,1,20,7.942386831,5.796010494,0,6,1,6,2,4.327777778,2.923945665,1
156,Prebunk,1,000-1,000-1.png,1,KMT,0,True Information,0,Like,0,20,8.737997257,13.39823556,0,0,1,0,2,5.422222222,7.783580065,1
156,Prebunk,1,000-2,000-2.png,2,KMT,0,True Information,0,Like,0,22,9.094650206,5.849063873,2,0,1,0,1,4.527777778,4.515914202,0
156,Prebunk,1,000-3,000-3.png,3,KMT,0,True Information,0,Like,0,24,6.495198903,5.335575104,1,0,1,0,0,6.433333333,4.11198926,2
156,Prebunk,1,001-1,001-1.png,1,KMT,0,True Information,0,Anger,1,23,3.53909465,7.174778223,2,6,1,6,0,5.594444444,2.209718227,1
156,Prebunk,1,001-2,001-2.png,2,KMT,0,True Information,0,Anger,1,21,0,7.073269129,1,6,1,6,2,5.483333333,3.070569515,0
156,Prebunk,1,001-3,001-3.png,3,KMT,0,True Information,0,Anger,1,19,2.270233196,4.024056911,0,6,1,6,1,5.416666667,3.268013477,2
156,Prebunk,1,010-1,010-1.png,1,KMT,0,Misinformation,1,Like,0,17,9.780521262,4.861088514,2,0,1,0,0,1,9.068237066,1
156,Prebunk,1,010-2,010-2.png,2,KMT,0,Misinformation,1,Like,0,15,8.127572016,3.324151039,1,6,0,0,2,4.072222222,5.993932962,0
156,Prebunk,1,010-3,010-3.png,3,KMT,0,Misinformation,1,Like,0,13,10,2.712669849,0,0,1,0,1,1.094444444,3.182308435,2
156,Prebunk,1,011-1,011-1.png,1,KMT,0,Misinformation,1,Anger,1,11,10,1.671799421,2,6,1,6,0,1,2.154915094,1
156,Prebunk,1,011-2,011-2.png,2,KMT,0,Misinformation,1,Anger,1,9,10,3.085602999,1,6,1,6,2,1.461111111,7.705224514,0
156,Prebunk,1,011-3,011-3.png,3,KMT,0,Misinformation,1,Anger,1,7,10,2.349273443,0,0,0,6,1,1,4.777649879,2
156,Prebunk,1,100-1,100-1.png,1,DPP,1,True Information,0,Like,0,5,7.770919067,8.206885815,2,0,1,0,0,8.916666667,5.514681578,1
156,Prebunk,1,100-2,100-2.png,2,DPP,1,True Information,0,Like,0,3,0,7.183130026,1,0,1,0,2,10,3.76143074,0
156,Prebunk,1,100-3,100-3.png,3,DPP,1,True Information,0,Like,0,1,8.024691358,26.00043964,0,0,1,0,1,4.961111111,5.752732754,2
156,Prebunk,1,101-1,101-1.png,1,DPP,1,True Information,0,Anger,1,2,3.559670782,11.93270326,0,6,0,0,2,6.761111111,5.219758034,1
156,Prebunk,1,101-2,101-2.png,2,DPP,1,True Information,0,Anger,1,4,5.73388203,18.68665361,2,6,1,6,1,7.366666667,7.323983192,0
156,Prebunk,1,101-3,101-3.png,3,DPP,1,True Information,0,Anger,1,6,7.160493827,3.728998661,1,6,1,6,0,5.377777778,5.08532548,2
156,Prebunk,1,110-1,110-1.png,1,DPP,1,Misinformation,1,Like,0,8,2.043895748,4.596251488,0,0,1,0,2,5.877777778,3.876496792,1
156,Prebunk,1,110-2,110-2.png,2,DPP,1,Misinformation,1,Like,0,10,4.27297668,11.99470663,2,0,1,0,1,5.622222222,5.446494102,0
156,Prebunk,1,110-3,110-3.png,3,DPP,1,Misinformation,1,Like,0,12,5.788751715,6.135774136,1,0,1,0,0,10,3.194283247,2
156,Prebunk,1,111-1,111-1.png,1,DPP,1,Misinformation,1,Anger,1,14,7.92866941,4.268862963,0,6,1,6,2,4.461111111,3.686736822,1
156,Prebunk,1,111-2,111-2.png,2,DPP,1,Misinformation,1,Anger,1,16,7.009602195,2.555407763,2,6,1,6,1,3.916666667,2.630666733,0
156,Prebunk,1,111-3,111-3.png,3,DPP,1,Misinformation,1,Anger,1,18,3.196159122,9.672652483,1,6,1,6,0,5.522222222,8.653048754,2
157,Control,0,000-1,000-1.png,1,KMT,0,True Information,0,Like,0,18,3.587105624,34.70893097,1,0,1,0,0,5.594444444,8.279701233,2
157,Control,0,000-2,000-2.png,2,KMT,0,True Information,0,Like,0,20,2.722908093,8.864746809,0,0,1,0,2,5.344444444,6.164635897,1
157,Control,0,000-3,000-3.png,3,KMT,0,True Information,0,Like,0,22,5.384087791,6.553548336,2,0,1,0,1,6.561111111,9.347196102,0
157,Control,0,001-1,001-1.png,1,KMT,0,True Information,0,Anger,1,24,5.9739369,11.80267286,1,0,0,6,0,4.383333333,3.886463404,2
157,Control,0,001-2,001-2.png,2,KMT,0,True Information,0,Anger,1,23,4.478737997,3.85220623,2,0,0,6,0,4.3,11.35110593,1
157,Control,0,001-3,001-3.png,3,KMT,0,True Information,0,Anger,1,21,4.485596708,14.89022017,1,6,1,6,2,5.144444444,10.9645822,0
157,Control,0,010-1,010-1.png,1,KMT,0,Misinformation,1,Like,0,19,7.517146776,7.125528336,0,0,1,0,1,2.6,5.329937935,2
157,Control,0,010-2,010-2.png,2,KMT,0,Misinformation,1,Like,0,17,7.215363512,8.716974497,2,0,1,0,0,4.388888889,7.830538511,1
157,Control,0,010-3,010-3.png,3,KMT,0,Misinformation,1,Like,0,15,7.359396433,5.858445406,1,0,1,0,2,3.35,2.868829727,0
157,Control,0,011-1,011-1.png,1,KMT,0,Misinformation,1,Anger,1,13,8.388203018,12.1888876,0,6,1,6,1,2.372222222,3.21154809,2
157,Control,0,011-2,011-2.png,2,KMT,0,Misinformation,1,Anger,1,11,8.456790123,5.776493311,2,0,0,6,0,2.961111111,8.320839643,1
157,Control,0,011-3,011-3.png,3,KMT,0,Misinformation,1,Anger,1,9,9.437585734,8.041248322,1,6,1,6,2,1.95,4.679691792,0
157,Control,0,100-1,100-1.png,1,DPP,1,True Information,0,Like,0,7,1.680384088,8.183363438,0,0,1,0,1,3.855555556,14.5021317,2
157,Control,0,100-2,100-2.png,2,DPP,1,True Information,0,Like,0,5,2.160493827,6.533839703,2,0,1,0,0,6.261111111,7.249644518,1
157,Control,0,100-3,100-3.png,3,DPP,1,True Information,0,Like,0,3,5.603566529,15.74743843,1,0,1,0,2,5.022222222,4.91306901,0
157,Control,0,101-1,101-1.png,1,DPP,1,True Information,0,Anger,1,1,0,6.712884665,0,6,0,0,1,5.516666667,12.16883683,2
157,Control,0,101-2,101-2.png,2,DPP,1,True Information,0,Anger,1,2,4.62962963,14.30405474,0,6,1,6,2,3.511111111,4.086247444,1
157,Control,0,101-3,101-3.png,3,DPP,1,True Information,0,Anger,1,4,6.145404664,19.77348065,2,6,1,6,1,4.2,13.05072713,0
157,Control,0,110-1,110-1.png,1,DPP,1,Misinformation,1,Like,0,6,9.094650206,8.191335917,1,0,1,0,0,2.911111111,11.39828157,2
157,Control,0,110-2,110-2.png,2,DPP,1,Misinformation,1,Like,0,8,9.108367627,3.224056721,0,0,1,0,2,2.594444444,2.627446175,1
157,Control,0,110-3,110-3.png,3,DPP,1,Misinformation,1,Like,0,10,7.496570645,14.96028948,2,6,0,0,1,3.233333333,9.094177008,0
157,Control,0,111-1,111-1.png,1,DPP,1,Misinformation,1,Anger,1,12,9.368998628,12.49866986,1,0,0,6,0,2.455555556,4.998109818,2
157,Control,0,111-2,111-2.png,2,DPP,1,Misinformation,1,Anger,1,14,8.552812071,14.9251256,0,6,1,6,2,2.694444444,3.625531673,1
157,Control,0,111-3,111-3.png,3,DPP,1,Misinformation,1,Anger,1,16,5.884773663,8.144691467,2,6,1,6,1,4.511111111,8.18948102,0
158,Prebunk,1,000-1,000-1.png,1,KMT,0,True Information,0,Like,0,16,1.550068587,8.73335886,2,2,0,0,1,5.788888889,7.512590647,0
158,Prebunk,1,000-2,000-2.png,2,KMT,0,True Information,0,Like,0,18,8.909465021,6.388551712,1,2,0,0,0,6.488888889,12.29395318,2
158,Prebunk,1,000-3,000-3.png,3,KMT,0,True Information,0,Like,0,20,2.524005487,18.76179886,0,2,0,0,2,7.327777778,3.669053078,1
158,Prebunk,1,001-1,001-1.png,1,KMT,0,True Information,0,Anger,1,22,10,5.057032108,2,6,1,6,1,1,2.14369607,0
158,Prebunk,1,001-2,001-2.png,2,KMT,0,True Information,0,Anger,1,24,2.002743484,8.134177685,1,6,1,6,0,7.594444444,2.867201567,2
158,Prebunk,1,001-3,001-3.png,3,KMT,0,True Information,0,Anger,1,23,10,1.988012791,2,6,1,6,0,1.666666667,3.477928162,1
158,Prebunk,1,010-1,010-1.png,1,KMT,0,Misinformation,1,Like,0,21,10,2.952928543,1,6,0,0,2,1.883333333,4.442574978,0
158,Prebunk,1,010-2,010-2.png,2,KMT,0,Misinformation,1,Like,0,19,4.115226337,20.57332683,0,6,0,0,1,10,2.576613665,2
158,Prebunk,1,010-3,010-3.png,3,KMT,0,Misinformation,1,Like,0,17,10,1.243108749,2,6,0,0,0,4.433333333,5.286990166,1
158,Prebunk,1,011-1,011-1.png,1,KMT,0,Misinformation,1,Anger,1,15,10,2.104918718,1,6,1,6,2,3.977777778,3.066972256,0
158,Prebunk,1,011-2,011-2.png,2,KMT,0,Misinformation,1,Anger,1,13,10,3.521674871,0,6,1,6,1,3.455555556,5.833615065,2
158,Prebunk,1,011-3,011-3.png,3,KMT,0,Misinformation,1,Anger,1,11,10,8.973385096,2,6,1,6,0,10,6.711775541,1
158,Prebunk,1,100-1,100-1.png,1,DPP,1,True Information,0,Like,0,9,10,2.230454922,1,3,0,0,2,2.294444444,7.534013271,0
158,Prebunk,1,100-2,100-2.png,2,DPP,1,True Information,0,Like,0,7,1.570644719,12.51328039,0,2,0,0,1,7.3,10.53904605,2
158,Prebunk,1,100-3,100-3.png,3,DPP,1,True Information,0,Like,0,5,1.419753086,16.82517958,2,0,1,0,0,3.955555556,13.2466228,1
158,Prebunk,1,101-1,101-1.png,1,DPP,1,True Information,0,Anger,1,3,8.271604938,17.28714609,1,6,0,0,2,5.522222222,30.48356056,0
158,Prebunk,1,101-2,101-2.png,2,DPP,1,True Information,0,Anger,1,1,8.065843621,34.88448358,0,3,0,6,1,3.411111111,11.60800815,2
158,Prebunk,1,101-3,101-3.png,3,DPP,1,True Information,0,Anger,1,2,7.990397805,5.459872007,0,3,0,6,2,5.527777778,21.65327215,1
158,Prebunk,1,110-1,110-1.png,1,DPP,1,Misinformation,1,Like,0,4,10,9.027082205,2,3,0,0,1,1,2.728143454,0
158,Prebunk,1,110-2,110-2.png,2,DPP,1,Misinformation,1,Like,0,6,10,6.412981749,1,6,0,0,0,3.944444444,5.047215223,2
158,Prebunk,1,110-3,110-3.png,3,DPP,1,Misinformation,1,Like,0,8,10,4.413220882,0,6,0,0,2,4.483333333,12.4198916,1
158,Prebunk,1,111-1,111-1.png,1,DPP,1,Misinformation,1,Anger,1,10,10,2.035260677,2,6,1,6,1,2.894444444,3.873179197,0
158,Prebunk,1,111-2,111-2.png,2,DPP,1,Misinformation,1,Anger,1,12,10,13.78815293,1,3,0,6,0,5.727777778,10.9294889,2
158,Prebunk,1,111-3,111-3.png,3,DPP,1,Misinformation,1,Anger,1,14,10,2.151787281,0,6,1,6,2,6.972222222,8.927637577,1
159,Control,0,000-1,000-1.png,1,KMT,0,True Information,0,Like,0,14,7.990397805,7.190862656,0,0,1,0,2,4.422222222,4.202883482,1
159,Control,0,000-2,000-2.png,2,KMT,0,True Information,0,Like,0,16,8.971193416,10.52288485,2,0,1,0,1,4.583333333,3.247052193,0
159,Control,0,000-3,000-3.png,3,KMT,0,True Information,0,Like,0,18,4.437585734,5.196351767,1,0,1,0,0,5.488888889,3.957019567,2
159,Control,0,001-1,001-1.png,1,KMT,0,True Information,0,Anger,1,20,5.48696845,6.83587575,0,0,0,6,2,4.972222222,3.569483519,1
159,Control,0,001-2,001-2.png,2,KMT,0,True Information,0,Anger,1,22,7.983539095,5.584657431,2,6,1,6,1,4.338888889,2.545720577,0
159,Control,0,001-3,001-3.png,3,KMT,0,True Information,0,Anger,1,24,8.017832647,5.43592453,1,6,1,6,0,3.422222222,2.617722988,2
159,Control,0,010-1,010-1.png,1,KMT,0,Misinformation,1,Like,0,23,8.991769547,8.956172705,2,0,1,0,0,2.7,17.69631481,1
159,Control,0,010-2,010-2.png,2,KMT,0,Misinformation,1,Like,0,21,8.930041152,8.474965096,1,0,1,0,2,4.283333333,3.287000656,0
159,Control,0,010-3,010-3.png,3,KMT,0,Misinformation,1,Like,0,19,8.971193416,3.739230394,0,0,1,0,1,3.105555556,3.054090261,2
159,Control,0,011-1,011-1.png,1,KMT,0,Misinformation,1,Anger,1,17,9.698216735,9.601670027,2,6,1,6,0,2.327777778,6.30004096,1
159,Control,0,011-2,011-2.png,2,KMT,0,Misinformation,1,Anger,1,15,9.561042524,11.83952284,1,6,1,6,2,3.505555556,2.989019871,0
159,Control,0,011-3,011-3.png,3,KMT,0,Misinformation,1,Anger,1,13,7.853223594,7.351869106,0,6,1,6,1,3.4,5.046848774,2
159,Control,0,100-1,100-1.png,1,DPP,1,True Information,0,Like,0,11,8.024691358,6.422064543,2,0,1,0,0,5.488888889,9.56440568,1
159,Control,0,100-2,100-2.png,2,DPP,1,True Information,0,Like,0,9,7.976680384,19.94688106,1,0,1,0,2,5.988888889,6.162216902,0
159,Control,0,100-3,100-3.png,3,DPP,1,True Information,0,Like,0,7,4.067215364,15.06852436,0,0,1,0,1,5.477777778,4.198592901,2
159,Control,0,101-1,101-1.png,1,DPP,1,True Information,0,Anger,1,5,7.942386831,4.576105595,2,6,0,0,0,5.522222222,3.038761139,1
159,Control,0,101-2,101-2.png,2,DPP,1,True Information,0,Anger,1,3,8.024691358,3.928867102,1,6,1,6,2,4.583333333,4.698830843,0
159,Control,0,101-3,101-3.png,3,DPP,1,True Information,0,Anger,1,1,6.488340192,11.50388908,0,6,1,6,1,4.588888889,6.529895067,2
159,Control,0,110-1,110-1.png,1,DPP,1,Misinformation,1,Like,0,2,7.942386831,5.091772556,0,0,1,0,2,3.316666667,3.64004302,1
159,Control,0,110-2,110-2.png,2,DPP,1,Misinformation,1,Like,0,4,8.936899863,3.900001287,2,0,1,0,1,3.294444444,3.050717592,0
159,Control,0,110-3,110-3.png,3,DPP,1,Misinformation,1,Like,0,6,8.017832647,6.148875952,1,0,1,0,0,3.466666667,2.945130348,2
159,Control,0,111-1,111-1.png,1,DPP,1,Misinformation,1,Anger,1,8,5.932784636,3.239021778,0,0,0,6,2,4.572222222,3.454272509,1
159,Control,0,111-2,111-2.png,2,DPP,1,Misinformation,1,Anger,1,10,9.382716049,5.963997602,2,6,1,6,1,3.005555556,6.307420492,0
159,Control,0,111-3,111-3.png,3,DPP,1,Misinformation,1,Anger,1,12,9.005486968,6.213663816,1,6,1,6,0,3.288888889,3.45967555,2
160,Prebunk,1,000-1,000-1.png,1,KMT,0,True Information,0,Like,0,12,2.126200274,3.8317055,1,0,1,0,0,5.65,3.9641525,2
160,Prebunk,1,000-2,000-2.png,2,KMT,0,True Information,0,Like,0,14,2.969821674,7.8734848,0,0,1,0,2,5.6,2.5919136,1
160,Prebunk,1,000-3,000-3.png,3,KMT,0,True Information,0,Like,0,16,2.969821674,2.8456052,2,0,1,0,1,7.422222222,2.5194462,0
160,Prebunk,1,001-1,001-1.png,1,KMT,0,True Information,0,Anger,1,18,1.961591221,3.9211195,1,6,1,6,0,3.377777778,3.9195,2
160,Prebunk,1,001-2,001-2.png,2,KMT,0,True Information,0,Anger,1,20,3.964334705,4.2735352,0,6,1,6,2,7.522222222,3.37752,1
160,Prebunk,1,001-3,001-3.png,3,KMT,0,True Information,0,Anger,1,22,6.968449931,4.0412338,2,6,1,6,1,8.266666667,2.6922567,0
160,Prebunk,1,010-1,010-1.png,1,KMT,0,Misinformation,1,Like,0,24,8.641975309,3.7565617,1,0,1,0,0,10,3.4776702,2
160,Prebunk,1,010-2,010-2.png,2,KMT,0,Misinformation,1,Like,0,23,7.716049383,6.9365898,2,0,1,0,0,8.027777778,5.1991426,1
160,Prebunk,1,010-3,010-3.png,3,KMT,0,Misinformation,1,Like,0,21,9.074074074,5.2525208,1,0,1,0,2,10,3.7634309,0
160,Prebunk,1,011-1,011-1.png,1,KMT,0,Misinformation,1,Anger,1,19,9.62962963,6.4285454,0,6,1,6,1,10,1.8354823,2
160,Prebunk,1,011-2,011-2.png,2,KMT,0,Misinformation,1,Anger,1,17,9.005486968,3.2943452,2,6,1,6,0,9.277777778,3.666256,1
160,Prebunk,1,011-3,011-3.png,3,KMT,0,Misinformation,1,Anger,1,15,10,2.4933155,1,6,1,6,2,10,2.0428284,0
160,Prebunk,1,100-1,100-1.png,1,DPP,1,True Information,0,Like,0,13,7.016460905,11.0720796,0,0,1,0,1,10,2.4513051,2
160,Prebunk,1,100-2,100-2.png,2,DPP,1,True Information,0,Like,0,11,2.153635117,5.6358555,2,0,1,0,0,2.372222222,7.1940705,1
160,Prebunk,1,100-3,100-3.png,3,DPP,1,True Information,0,Like,0,9,0,3.2558291,1,0,1,0,2,5.466666667,3.4317659,0
160,Prebunk,1,101-1,101-1.png,1,DPP,1,True Information,0,Anger,1,7,3.058984911,10.8551705,0,6,0,0,1,10,2.0547908,2
160,Prebunk,1,101-2,101-2.png,2,DPP,1,True Information,0,Anger,1,5,3.04526749,17.7498395,2,6,1,6,0,10,6.4674282,1
160,Prebunk,1,101-3,101-3.png,3,DPP,1,True Information,0,Anger,1,3,2.976680384,9.2388967,1,6,1,6,2,3.505555556,3.8114826,0
160,Prebunk,1,110-1,110-1.png,1,DPP,1,Misinformation,1,Like,0,1,10,4.8225732,0,0,1,0,1,2.344444444,4.3565839,2
160,Prebunk,1,110-2,110-2.png,2,DPP,1,Misinformation,1,Like,0,2,10,4.0250494,0,0,1,0,2,3.355555556,2.9466089,1
160,Prebunk,1,110-3,110-3.png,3,DPP,1,Misinformation,1,Like,0,4,9.080932785,5.0359954,2,0,1,0,1,3.55,8.0231492,0
160,Prebunk,1,111-1,111-1.png,1,DPP,1,Misinformation,1,Anger,1,6,10,2.704771,1,6,1,6,0,10,5.2073165,2
160,Prebunk,1,111-2,111-2.png,2,DPP,1,Misinformation,1,Anger,1,8,10,6.770748,0,6,1,6,2,10,2.764553,1
160,Prebunk,1,111-3,111-3.png,3,DPP,1,Misinformation,1,Anger,1,10,10,3.3944455,2,6,1,6,1,10,4.49445,0
161,Control,0,000-1,000-1.png,1,KMT,0,True Information,0,Like,0,10,2.853223594,6.180925369,2,0,1,0,1,5.916666667,3.976115465,0
161,Control,0,000-2,000-2.png,2,KMT,0,True Information,0,Like,0,12,1.604938272,9.543436766,1,0,1,0,0,7.3,3.816806555,2
161,Control,0,000-3,000-3.png,3,KMT,0,True Information,0,Like,0,14,2.002743484,7.354686737,0,0,1,0,2,6.411111111,4.257358789,1
161,Control,0,001-1,001-1.png,1,KMT,0,True Information,0,Anger,1,16,1.872427984,9.085625887,2,6,1,6,1,6.544444444,28.21576571,0
161,Control,0,001-2,001-2.png,2,KMT,0,True Information,0,Anger,1,18,5.027434842,8.048335314,1,6,1,6,0,5.916666667,4.126091242,2
161,Control,0,001-3,001-3.png,3,KMT,0,True Information,0,Anger,1,20,4.739368999,7.347661495,0,6,1,6,2,5.672222222,2.575161934,1
161,Control,0,010-1,010-1.png,1,KMT,0,Misinformation,1,Like,0,22,6.502057613,3.538112879,2,0,1,0,1,4.927777778,3.268335819,0
161,Control,0,010-2,010-2.png,2,KMT,0,Misinformation,1,Like,0,24,6.406035665,13.07118535,1,0,1,0,0,5.522222222,4.925657988,2
161,Control,0,010-3,010-3.png,3,KMT,0,Misinformation,1,Like,0,23,7.263374486,4.708999872,2,0,1,0,0,4.655555556,2.805146456,1
161,Control,0,011-1,011-1.png,1,KMT,0,Misinformation,1,Anger,1,21,6.913580247,1.898645163,1,6,1,6,2,4.811111111,2.139476538,0
161,Control,0,011-2,011-2.png,2,KMT,0,Misinformation,1,Anger,1,19,7.373113855,3.70015192,0,6,1,6,1,5.027777778,2.781305313,2
161,Control,0,011-3,011-3.png,3,KMT,0,Misinformation,1,Anger,1,17,8.518518519,4.62938118,2,6,1,6,0,4.7,4.418646097,1
161,Control,0,100-1,100-1.png,1,DPP,1,True Information,0,Like,0,15,3.545953361,5.409257174,1,0,1,0,2,6.422222222,5.909703016,0
161,Control,0,100-2,100-2.png,2,DPP,1,True Information,0,Like,0,13,0.9533607682,5.453615904,0,0,1,0,1,8.561111111,2.921136856,2
161,Control,0,100-3,100-3.png,3,DPP,1,True Information,0,Like,0,11,1.399176955,9.324422836,2,0,1,0,0,8.011111111,8.253560066,1
161,Control,0,101-1,101-1.png,1,DPP,1,True Information,0,Anger,1,9,3.875171468,7.238039255,1,6,0,0,2,5.522222222,2.894516468,0
161,Control,0,101-2,101-2.png,2,DPP,1,True Information,0,Anger,1,7,4.005486968,9.257042646,0,6,1,6,1,5.844444444,3.991351366,2
161,Control,0,101-3,101-3.png,3,DPP,1,True Information,0,Anger,1,5,5.555555556,10.25981784,2,6,1,6,0,5.5,9.593908548,1
161,Control,0,110-1,110-1.png,1,DPP,1,Misinformation,1,Like,0,3,9.609053498,5.477115154,1,0,1,0,2,4.272222222,3.271331549,0
161,Control,0,110-2,110-2.png,2,DPP,1,Misinformation,1,Like,0,1,8.53223594,10.68618703,0,0,1,0,1,4.477777778,5.376945257,2
161,Control,0,110-3,110-3.png,3,DPP,1,Misinformation,1,Like,0,2,9.417009602,20.87824893,0,0,1,0,2,4.533333333,5.234950542,1
161,Control,0,111-1,111-1.png,1,DPP,1,Misinformation,1,Anger,1,4,9.430727023,4.734936237,2,6,1,6,1,4.427777778,2.532670736,0
161,Control,0,111-2,111-2.png,2,DPP,1,Misinformation,1,Anger,1,6,9.039780521,7.660383224,1,6,1,6,0,4.911111111,4.882506847,2
161,Control,0,111-3,111-3.png,3,DPP,1,Misinformation,1,Anger,1,8,7.716049383,6.493481874,0,6,1,6,2,5,2.550476789,1
162,Prebunk,1,000-1,000-1.png,1,KMT,0,True Information,0,Like,0,8,4.787379973,12.59745002,0,0,1,0,2,6.983333333,5.360939741,1
162,Prebunk,1,000-2,000-2.png,2,KMT,0,True Information,0,Like,0,10,2.716049383,21.3007586,2,0,1,0,1,8.172222222,8.28147769,0
162,Prebunk,1,000-3,000-3.png,3,KMT,0,True Information,0,Like,0,12,1.296296296,8.893152475,1,0,1,0,0,7.727777778,5.042150736,2
162,Prebunk,1,001-1,001-1.png,1,KMT,0,True Information,0,Anger,1,14,2.661179698,7.347928047,0,6,1,6,2,3.388888889,8.528506756,1
162,Prebunk,1,001-2,001-2.png,2,KMT,0,True Information,0,Anger,1,16,1.159122085,7.949097633,2,6,1,6,1,7.422222222,13.34405804,0
162,Prebunk,1,001-3,001-3.png,3,KMT,0,True Information,0,Anger,1,18,7.146776406,4.432281733,1,6,1,6,0,3.738888889,4.571167231,2
162,Prebunk,1,010-1,010-1.png,1,KMT,0,Misinformation,1,Like,0,20,7.181069959,22.25070858,0,0,1,0,2,3.894444444,6.53356719,1
162,Prebunk,1,010-2,010-2.png,2,KMT,0,Misinformation,1,Like,0,22,6.22085048,18.64681435,2,0,1,0,1,3.2,4.163253307,0
162,Prebunk,1,010-3,010-3.png,3,KMT,0,Misinformation,1,Like,0,24,7.757201646,14.54395962,1,0,1,0,0,3.794444444,5.348612309,2
162,Prebunk,1,011-1,011-1.png,1,KMT,0,Misinformation,1,Anger,1,23,8.854595336,4.568444252,2,6,1,6,0,2.85,4.738949537,1
162,Prebunk,1,011-2,011-2.png,2,KMT,0,Misinformation,1,Anger,1,21,8.449931413,3.947217226,1,6,1,6,2,2.205555556,3.03569603,0
162,Prebunk,1,011-3,011-3.png,3,KMT,0,Misinformation,1,Anger,1,19,8.696844993,3.424989462,0,6,1,6,1,3.25,10.22378445,2
162,Prebunk,1,100-1,100-1.png,1,DPP,1,True Information,0,Like,0,17,5.49382716,13.46573257,2,0,1,0,0,8.816666667,4.004127264,1
162,Prebunk,1,100-2,100-2.png,2,DPP,1,True Information,0,Like,0,15,3.223593964,19.4786222,1,0,1,0,2,5.511111111,5.806296349,0
162,Prebunk,1,100-3,100-3.png,3,DPP,1,True Information,0,Like,0,13,1.810699588,14.01197386,0,0,1,0,1,8.133333333,5.037299871,2
162,Prebunk,1,101-1,101-1.png,1,DPP,1,True Information,0,Anger,1,11,1.762688615,16.97529745,2,6,0,0,0,6.422222222,9.148698807,1
162,Prebunk,1,101-2,101-2.png,2,DPP,1,True Information,0,Anger,1,9,2.064471879,15.31954503,1,6,1,6,2,7.655555556,4.354064226,0
162,Prebunk,1,101-3,101-3.png,3,DPP,1,True Information,0,Anger,1,7,3.127572016,11.40560722,0,6,1,6,1,6.75,10.54814506,2
162,Prebunk,1,110-1,110-1.png,1,DPP,1,Misinformation,1,Like,0,5,6.015089163,18.88409066,2,0,1,0,0,4.55,13.34201431,1
162,Prebunk,1,110-2,110-2.png,2,DPP,1,Misinformation,1,Like,0,3,7.016460905,7.431957722,1,0,1,0,2,3.383333333,12.479182,0
162,Prebunk,1,110-3,110-3.png,3,DPP,1,Misinformation,1,Like,0,1,8.984910837,7.088948727,0,0,1,0,1,3.45,11.0588429,2
162,Prebunk,1,111-1,111-1.png,1,DPP,1,Misinformation,1,Anger,1,2,8.086419753,4.014616728,0,0,0,6,2,4.955555556,7.928951025,1
162,Prebunk,1,111-2,111-2.png,2,DPP,1,Misinformation,1,Anger,1,4,8.360768176,6.589808702,2,6,1,6,1,2.483333333,3.226102829,0
162,Prebunk,1,111-3,111-3.png,3,DPP,1,Misinformation,1,Anger,1,6,9.314128944,5.374230146,1,6,1,6,0,1.772222222,5.635313034,2
11,Control,0,000-1,000-1.png,1,KMT,0,True Information,0,Like,0,14,6.989026063,2.7018974,0,6,0,0,2,7.138888889,3.8908068,1
11,Control,0,000-2,000-2.png,2,KMT,0,True Information,0,Like,0,16,7.832647462,4.4571941,2,0,1,0,1,7.461111111,2.0394856,0
11,Control,0,000-3,000-3.png,3,KMT,0,True Information,0,Like,0,18,8.299039781,2.941506,1,0,1,0,0,7.727777778,4.0514474,2
11,Control,0,001-1,001-1.png,1,KMT,0,True Information,0,Anger,1,20,5.706447188,2.901369,0,0,0,6,2,6.816666667,4.1022665,1
11,Control,0,001-2,001-2.png,2,KMT,0,True Information,0,Anger,1,22,1.776406036,4.4772416,2,0,0,6,1,6.788888889,5.4900228,0
11,Control,0,001-3,001-3.png,3,KMT,0,True Information,0,Anger,1,24,8.525377229,2.9551961,1,6,1,6,0,3.45,2.944197,2
11,Control,0,010-1,010-1.png,1,KMT,0,Misinformation,1,Like,0,23,9.238683128,2.7456632,2,0,1,0,0,3.577777778,5.3229633,1
11,Control,0,010-2,010-2.png,2,KMT,0,Misinformation,1,Like,0,21,8.820301783,3.0165944,1,0,1,0,2,4.422222222,3.4317593,0
11,Control,0,010-3,010-3.png,3,KMT,0,Misinformation,1,Like,0,19,7.736625514,3.7882978,0,0,1,0,1,8.816666667,2.1275135,2
11,Control,0,011-1,011-1.png,1,KMT,0,Misinformation,1,Anger,1,17,6.58436214,5.5583848,2,6,1,6,0,1.733333333,3.4484379,1
11,Control,0,011-2,011-2.png,2,KMT,0,Misinformation,1,Anger,1,15,7.976680384,3.012386,1,6,1,6,2,2.533333333,3.1362148,0
11,Control,0,011-3,011-3.png,3,KMT,0,Misinformation,1,Anger,1,13,8.66255144,3.7283154,0,6,1,6,1,4.366666667,6.0900445,2
11,Control,0,100-1,100-1.png,1,DPP,1,True Information,0,Like,0,11,4.039780521,7.1297756,2,0,1,0,0,7.4,5.1909392,1
11,Control,0,100-2,100-2.png,2,DPP,1,True Information,0,Like,0,9,5.418381344,5.5611921,1,0,1,0,2,7.538888889,3.1964758,0
11,Control,0,100-3,100-3.png,3,DPP,1,True Information,0,Like,0,7,2.68175583,8.7708525,0,0,1,0,1,7.65,2.4931474,2
11,Control,0,101-1,101-1.png,1,DPP,1,True Information,0,Anger,1,5,1.289437586,4.2600916,2,6,0,0,0,6.344444444,3.9728138,1
11,Control,0,101-2,101-2.png,2,DPP,1,True Information,0,Anger,1,3,5.960219479,5.3520185,1,0,0,6,2,6.638888889,5.1338454,0
11,Control,0,101-3,101-3.png,3,DPP,1,True Information,0,Anger,1,1,1.865569273,8.2154166,0,2,0,6,1,7.811111111,8.6011226,2
11,Control,0,110-1,110-1.png,1,DPP,1,Misinformation,1,Like,0,2,9.657064472,3.2290383,0,0,1,0,2,1.227777778,3.8804467,1
11,Control,0,110-2,110-2.png,2,DPP,1,Misinformation,1,Like,0,4,9.972565158,7.3252329,2,1,0,0,1,1.227777778,2.7517331,0
11,Control,0,110-3,110-3.png,3,DPP,1,Misinformation,1,Like,0,6,7.750342936,4.8769953,1,0,1,0,0,3.377777778,3.2285679,2
11,Control,0,111-1,111-1.png,1,DPP,1,Misinformation,1,Anger,1,8,9.705075446,4.6309874,0,0,0,6,2,2.077777778,3.3131101,1
11,Control,0,111-2,111-2.png,2,DPP,1,Misinformation,1,Anger,1,10,8.628257888,2.7719473,2,6,1,6,1,2.233333333,3.113425,0
11,Control,0,111-3,111-3.png,3,DPP,1,Misinformation,1,Anger,1,12,7.510288066,3.1522036,1,6,1,6,0,2.366666667,6.6008781,2
163,Control,0,000-1,000-1.png,1,KMT,0,True Information,0,Like,0,6,5.041152263,19.7910274,1,0,1,0,0,7.738888889,6.3132027,2
163,Control,0,000-2,000-2.png,2,KMT,0,True Information,0,Like,0,8,1.371742112,11.6067775,0,0,1,0,2,7.638888889,3.3417835,1
163,Control,0,000-3,000-3.png,3,KMT,0,True Information,0,Like,0,10,6.796982167,9.0985898,2,0,1,0,1,7.6,14.2282572,0
163,Control,0,001-1,001-1.png,1,KMT,0,True Information,0,Anger,1,12,7.853223594,12.4803868,1,6,1,6,0,7.633333333,18.0232713,2
163,Control,0,001-2,001-2.png,2,KMT,0,True Information,0,Anger,1,14,5.048010974,10.2374605,0,6,1,6,2,7.366666667,12.222566,1
163,Control,0,001-3,001-3.png,3,KMT,0,True Information,0,Anger,1,16,6.021947874,16.5792227,2,6,1,6,1,3.477777778,13.6935729,0
163,Control,0,010-1,010-1.png,1,KMT,0,Misinformation,1,Like,0,18,8.367626886,4.3951459,1,0,1,0,0,3.555555556,3.6588118,2
163,Control,0,010-2,010-2.png,2,KMT,0,Misinformation,1,Like,0,20,8.552812071,6.18431,0,0,1,0,2,7.655555556,6.5931789,1
163,Control,0,010-3,010-3.png,3,KMT,0,Misinformation,1,Like,0,22,8.353909465,3.25657,2,0,1,0,1,5.466666667,6.0184136,0
163,Control,0,011-1,011-1.png,1,KMT,0,Misinformation,1,Anger,1,24,7.510288066,12.7695818,1,6,1,6,0,6.527777778,16.012532,2
163,Control,0,011-2,011-2.png,2,KMT,0,Misinformation,1,Anger,1,23,7.551440329,3.0737017,2,6,1,6,0,6.277777778,13.1896363,1
163,Control,0,011-3,011-3.png,3,KMT,0,Misinformation,1,Anger,1,21,8.209876543,4.2516585,1,6,1,6,2,7.988888889,4.8726268,0
163,Control,0,100-1,100-1.png,1,DPP,1,True Information,0,Like,0,19,7.359396433,3.1629001,0,0,1,0,1,4.166666667,13.0186359,2
163,Control,0,100-2,100-2.png,2,DPP,1,True Information,0,Like,0,17,6.474622771,11.8970908,2,0,1,0,0,5.566666667,5.054339,1
163,Control,0,100-3,100-3.png,3,DPP,1,True Information,0,Like,0,15,2.56515775,16.0801743,1,0,1,0,2,7.616666667,11.3229056,0
163,Control,0,101-1,101-1.png,1,DPP,1,True Information,0,Anger,1,13,4.986282579,36.0616984,0,6,0,0,1,7.783333333,11.2680325,2
163,Control,0,101-2,101-2.png,2,DPP,1,True Information,0,Anger,1,11,2.983539095,15.7942388,2,6,1,6,0,8.661111111,12.3087956,1
163,Control,0,101-3,101-3.png,3,DPP,1,True Information,0,Anger,1,9,4.074074074,6.9856926,1,6,1,6,2,5.933333333,13.4761686,0
163,Control,0,110-1,110-1.png,1,DPP,1,Misinformation,1,Like,0,7,6.543209877,5.0978057,0,0,1,0,1,4.905555556,24.9651381,2
163,Control,0,110-2,110-2.png,2,DPP,1,Misinformation,1,Like,0,5,8.429355281,7.7675834,2,0,1,0,0,3.538888889,6.1988115,1
163,Control,0,110-3,110-3.png,3,DPP,1,Misinformation,1,Like,0,3,6.748971193,10.6904794,1,0,1,0,2,5.816666667,19.0933376,0
163,Control,0,111-1,111-1.png,1,DPP,1,Misinformation,1,Anger,1,1,6.508916324,10.6162035,0,6,1,6,1,4.827777778,14.803783,2
163,Control,0,111-2,111-2.png,2,DPP,1,Misinformation,1,Anger,1,2,5.12345679,25.8550603,0,6,1,6,2,5.527777778,17.469836,1
163,Control,0,111-3,111-3.png,3,DPP,1,Misinformation,1,Anger,1,4,6.454046639,19.0415192,2,0,0,6,1,5.183333333,12.6682904,0
164,Prebunk,1,000-1,000-1.png,1,KMT,0,True Information,0,Like,0,4,7.496570645,8.334117889,2,0,1,0,1,5.738888889,6.651342869,0
164,Prebunk,1,000-2,000-2.png,2,KMT,0,True Information,0,Like,0,6,2.043895748,13.11038828,1,0,1,0,0,6.15,3.140839815,2
164,Prebunk,1,000-3,000-3.png,3,KMT,0,True Information,0,Like,0,8,1.028806584,9.786239386,0,0,1,0,2,5.888888889,7.223026514,1
164,Prebunk,1,001-1,001-1.png,1,KMT,0,True Information,0,Anger,1,10,1.069958848,14.36016369,2,6,1,6,1,6.011111111,3.310381889,0
164,Prebunk,1,001-2,001-2.png,2,KMT,0,True Information,0,Anger,1,12,3.422496571,14.5261023,1,6,1,6,0,5.866666667,5.943446875,2
164,Prebunk,1,001-3,001-3.png,3,KMT,0,True Information,0,Anger,1,14,1.941015089,4.292656422,0,6,1,6,2,5.927777778,5.143027306,1
164,Prebunk,1,010-1,010-1.png,1,KMT,0,Misinformation,1,Like,0,16,8.436213992,7.607651949,2,0,1,0,1,4.594444444,3.672523022,0
164,Prebunk,1,010-2,010-2.png,2,KMT,0,Misinformation,1,Like,0,18,7.626886145,2.252583027,1,0,1,0,0,4.783333333,6.569164515,2
164,Prebunk,1,010-3,010-3.png,3,KMT,0,Misinformation,1,Like,0,20,7.942386831,2.965022087,0,0,1,0,2,4.227777778,3.205580711,1
164,Prebunk,1,011-1,011-1.png,1,KMT,0,Misinformation,1,Anger,1,22,8.017832647,3.496020794,2,6,1,6,1,4.505555556,2.14206028,0
164,Prebunk,1,011-2,011-2.png,2,KMT,0,Misinformation,1,Anger,1,24,8.401920439,4.20007515,1,6,1,6,0,4.183333333,2.184564829,2
164,Prebunk,1,011-3,011-3.png,3,KMT,0,Misinformation,1,Anger,1,23,7.44170096,4.595295191,2,6,1,6,0,4.466666667,1.496787548,1
164,Prebunk,1,100-1,100-1.png,1,DPP,1,True Information,0,Like,0,21,6.117969822,17.09455824,1,0,1,0,2,6.233333333,6.252469063,0
164,Prebunk,1,100-2,100-2.png,2,DPP,1,True Information,0,Like,0,19,2.990397805,11.20193458,0,0,1,0,1,6.333333333,2.021312714,2
164,Prebunk,1,100-3,100-3.png,3,DPP,1,True Information,0,Like,0,17,4.410150892,1.929636002,2,0,1,0,0,6.216666667,4.295825005,1
164,Prebunk,1,101-1,101-1.png,1,DPP,1,True Information,0,Anger,1,15,6.563786008,14.11871219,1,6,0,0,2,5.244444444,6.973801613,0
164,Prebunk,1,101-2,101-2.png,2,DPP,1,True Information,0,Anger,1,13,6.556927298,23.78335142,0,6,1,6,1,5.122222222,4.477820158,2
164,Prebunk,1,101-3,101-3.png,3,DPP,1,True Information,0,Anger,1,11,2.798353909,27.44447803,2,6,1,6,0,5.861111111,5.037170649,1
164,Prebunk,1,110-1,110-1.png,1,DPP,1,Misinformation,1,Like,0,9,7.983539095,3.269685507,1,0,1,0,2,4.955555556,2.648663044,0
164,Prebunk,1,110-2,110-2.png,2,DPP,1,Misinformation,1,Like,0,7,8.017832647,7.236205101,0,0,1,0,1,4.894444444,2.925924778,2
164,Prebunk,1,110-3,110-3.png,3,DPP,1,Misinformation,1,Like,0,5,9.012345679,3.300016165,2,0,1,0,0,5.038888889,2.584285259,1
164,Prebunk,1,111-1,111-1.png,1,DPP,1,Misinformation,1,Anger,1,3,8.395061728,19.64785933,1,6,1,6,2,4.994444444,6.508684874,0
164,Prebunk,1,111-2,111-2.png,2,DPP,1,Misinformation,1,Anger,1,1,10,4.463556051,0,6,1,6,1,4.938888889,18.54279137,2
164,Prebunk,1,111-3,111-3.png,3,DPP,1,Misinformation,1,Anger,1,2,10,14.1531918,0,6,1,6,2,4.494444444,3.701958656,1
165,Control,0,000-1,000-1.png,1,KMT,0,True Information,0,Like,0,2,2.016460905,12.48011041,0,0,1,0,2,7.722222222,7.424641132,1
165,Control,0,000-2,000-2.png,2,KMT,0,True Information,0,Like,0,4,1.069958848,11.38422561,2,0,1,0,1,7.661111111,3.379008293,0
165,Control,0,000-3,000-3.png,3,KMT,0,True Information,0,Like,0,6,2.023319616,5.551055431,1,0,1,0,0,8.738888889,3.520113945,2
165,Control,0,001-1,001-1.png,1,KMT,0,True Information,0,Anger,1,8,8.998628258,6.119264364,0,6,1,6,2,2.388888889,5.31244874,1
165,Control,0,001-2,001-2.png,2,KMT,0,True Information,0,Anger,1,10,2.229080933,11.86935115,2,0,0,6,1,7.55,4.897458553,0
165,Control,0,001-3,001-3.png,3,KMT,0,True Information,0,Anger,1,12,2.969821674,6.824526787,1,6,1,6,0,6.094444444,3.34430027,2
165,Control,0,010-1,010-1.png,1,KMT,0,Misinformation,1,Like,0,14,8.909465021,3.75069809,0,0,1,0,2,3.35,3.85980463,1
165,Control,0,010-2,010-2.png,2,KMT,0,Misinformation,1,Like,0,16,7.942386831,3.755952358,2,0,1,0,1,4.222222222,2.29396987,0
165,Control,0,010-3,010-3.png,3,KMT,0,Misinformation,1,Like,0,18,8.717421125,10.26639724,1,0,1,0,0,2.9,2.832918644,2
165,Control,0,011-1,011-1.png,1,KMT,0,Misinformation,1,Anger,1,20,9.039780521,3.040114641,0,6,1,6,2,4.394444444,3.69030261,1
165,Control,0,011-2,011-2.png,2,KMT,0,Misinformation,1,Anger,1,22,5.98079561,9.01747179,2,6,1,6,1,5.527777778,1.929461241,0
165,Control,0,011-3,011-3.png,3,KMT,0,Misinformation,1,Anger,1,24,5.521262003,3.431712389,1,6,1,6,0,4.738888889,1.914923668,2
165,Control,0,100-1,100-1.png,1,DPP,1,True Information,0,Like,0,23,4.650205761,3.813795805,2,0,1,0,0,7.561111111,4.054682493,1
165,Control,0,100-2,100-2.png,2,DPP,1,True Information,0,Like,0,21,3.991769547,2.772237301,1,0,1,0,2,7.266666667,1.916032553,0
165,Control,0,100-3,100-3.png,3,DPP,1,True Information,0,Like,0,19,1.22085048,3.466944695,0,0,1,0,1,8.533333333,2.710564137,2
165,Control,0,101-1,101-1.png,1,DPP,1,True Information,0,Anger,1,17,2.983539095,3.225929737,2,6,0,0,0,7.661111111,3.736360073,1
165,Control,0,101-2,101-2.png,2,DPP,1,True Information,0,Anger,1,15,5.089163237,4.418747663,1,6,1,6,2,5.688888889,3.516728401,0
165,Control,0,101-3,101-3.png,3,DPP,1,True Information,0,Anger,1,13,2.366255144,15.08612156,0,6,1,6,1,7.183333333,3.879655123,2
165,Control,0,110-1,110-1.png,1,DPP,1,Misinformation,1,Like,0,11,8.449931413,2.690639973,2,0,1,0,0,3.344444444,3.072921515,1
165,Control,0,110-2,110-2.png,2,DPP,1,Misinformation,1,Like,0,9,7.016460905,2.9979496,1,0,1,0,2,4.777777778,6.073330164,0
165,Control,0,110-3,110-3.png,3,DPP,1,Misinformation,1,Like,0,7,7.633744856,4.386597633,0,0,1,0,1,4.366666667,5.390679121,2
165,Control,0,111-1,111-1.png,1,DPP,1,Misinformation,1,Anger,1,5,7.407407407,6.296672106,2,6,1,6,0,2.922222222,2.84734869,1
165,Control,0,111-2,111-2.png,2,DPP,1,Misinformation,1,Anger,1,3,7.969821674,2.734575033,1,6,1,6,2,2.166666667,2.52043581,0
165,Control,0,111-3,111-3.png,3,DPP,1,Misinformation,1,Anger,1,1,9.0260631,4.354378223,0,6,1,6,1,2.405555556,5.85791254,2
166,Prebunk,1,000-1,000-1.png,1,KMT,0,True Information,0,Like,0,1,0.9670781893,13.32655263,0,0,1,0,1,5.461111111,16.00004816,2
166,Prebunk,1,000-2,000-2.png,2,KMT,0,True Information,0,Like,0,2,3.004115226,26.9523921,0,0,1,0,2,6.427777778,14.58954239,1
166,Prebunk,1,000-3,000-3.png,3,KMT,0,True Information,0,Like,0,4,1.982167353,13.7627368,2,0,1,0,1,7.566666667,7.377799511,0
166,Prebunk,1,001-1,001-1.png,1,KMT,0,True Information,0,Anger,1,6,2.990397805,17.28005052,1,6,1,6,0,6.844444444,18.8746314,2
166,Prebunk,1,001-2,001-2.png,2,KMT,0,True Information,0,Anger,1,8,1.934156379,13.97424746,0,6,1,6,2,6.538888889,22.20875478,1
166,Prebunk,1,001-3,001-3.png,3,KMT,0,True Information,0,Anger,1,10,3.991769547,11.81767154,2,6,1,6,1,5.488888889,26.18927431,0
166,Prebunk,1,010-1,010-1.png,1,KMT,0,Misinformation,1,Like,0,12,8.991769547,8.54282546,1,0,1,0,0,3.883333333,26.50482726,2
166,Prebunk,1,010-2,010-2.png,2,KMT,0,Misinformation,1,Like,0,14,6.028806584,19.01123667,0,0,1,0,2,7.516666667,7.542273521,1
166,Prebunk,1,010-3,010-3.png,3,KMT,0,Misinformation,1,Like,0,16,3.004115226,17.82228422,2,0,1,0,1,6.688888889,24.13055015,0
166,Prebunk,1,011-1,011-1.png,1,KMT,0,Misinformation,1,Anger,1,18,7.969821674,12.8174448,1,6,1,6,0,5.466666667,33.42742395,2
166,Prebunk,1,011-2,011-2.png,2,KMT,0,Misinformation,1,Anger,1,20,5.960219479,10.24396181,0,6,1,6,2,5.472222222,21.95846701,1
166,Prebunk,1,011-3,011-3.png,3,KMT,0,Misinformation,1,Anger,1,22,7.462277092,15.38113689,2,6,1,6,1,8.077777778,15.8735261,0
166,Prebunk,1,100-1,100-1.png,1,DPP,1,True Information,0,Like,0,24,2.016460905,20.4892807,1,0,1,0,0,8.983333333,2.54410553,2
166,Prebunk,1,100-2,100-2.png,2,DPP,1,True Information,0,Like,0,23,2.585733882,17.18839431,2,0,1,0,0,8.8,6.553766727,1
166,Prebunk,1,100-3,100-3.png,3,DPP,1,True Information,0,Like,0,21,1.982167353,6.382832766,1,0,1,0,2,7.177777778,17.38200378,0
166,Prebunk,1,101-1,101-1.png,1,DPP,1,True Information,0,Anger,1,19,3.024691358,7.770705223,0,6,0,0,1,6.827777778,22.20434856,2
166,Prebunk,1,101-2,101-2.png,2,DPP,1,True Information,0,Anger,1,17,3.038408779,17.00993681,2,6,1,6,0,7.444444444,14.99851608,1
166,Prebunk,1,101-3,101-3.png,3,DPP,1,True Information,0,Anger,1,15,2.997256516,5.969986677,1,6,1,6,2,6.494444444,39.2880919,0
166,Prebunk,1,110-1,110-1.png,1,DPP,1,Misinformation,1,Like,0,13,8.010973937,12.51910281,0,0,1,0,1,4.294444444,31.06162429,2
166,Prebunk,1,110-2,110-2.png,2,DPP,1,Misinformation,1,Like,0,11,6.961591221,7.771288395,2,0,1,0,0,4.277777778,18.43924165,1
166,Prebunk,1,110-3,110-3.png,3,DPP,1,Misinformation,1,Like,0,9,6.989026063,7.122382402,1,0,1,0,2,7.611111111,34.35362434,0
166,Prebunk,1,111-1,111-1.png,1,DPP,1,Misinformation,1,Anger,1,7,9.067215364,5.578518867,0,6,1,6,1,5.472222222,24.09066629,2
166,Prebunk,1,111-2,111-2.png,2,DPP,1,Misinformation,1,Anger,1,5,7.976680384,6.07278347,2,6,1,6,0,4.322222222,27.95590091,1
166,Prebunk,1,111-3,111-3.png,3,DPP,1,Misinformation,1,Anger,1,3,8.998628258,10.93326068,1,6,1,6,2,3.35,34.97352004,0
167,Control,0,000-1,000-1.png,1,KMT,0,True Information,0,Like,0,3,1.001371742,14.99603248,1,0,1,0,2,7.638888889,5.198988438,0
167,Control,0,000-2,000-2.png,2,KMT,0,True Information,0,Like,0,1,2.503429355,25.36348343,0,0,1,0,1,6.577777778,8.922685385,2
167,Control,0,000-3,000-3.png,3,KMT,0,True Information,0,Like,0,2,0,56.90125751,0,0,1,0,2,6.627777778,9.348568439,1
167,Control,0,001-1,001-1.png,1,KMT,0,True Information,0,Anger,1,4,8.998628258,24.26515198,2,6,1,6,1,2.327777778,9.110973358,0
167,Control,0,001-2,001-2.png,2,KMT,0,True Information,0,Anger,1,6,8.504801097,24.68963385,1,6,1,6,0,4.905555556,8.126361609,2
167,Control,0,001-3,001-3.png,3,KMT,0,True Information,0,Anger,1,8,8.998628258,32.48273206,0,6,1,6,2,3.366666667,3.543080091,1
167,Control,0,010-1,010-1.png,1,KMT,0,Misinformation,1,Like,0,10,9.499314129,27.14027691,2,0,1,0,1,2.322222222,3.508354664,0
167,Control,0,010-2,010-2.png,2,KMT,0,Misinformation,1,Like,0,12,9.499314129,38.1452651,1,0,1,0,0,2.3,7.685018778,2
167,Control,0,010-3,010-3.png,3,KMT,0,Misinformation,1,Like,0,14,9.499314129,49.1102519,0,0,1,0,2,2.366666667,7.832666636,1
167,Control,0,011-1,011-1.png,1,KMT,0,Misinformation,1,Anger,1,16,9.499314129,12.05509996,2,6,1,6,1,2.238888889,16.026088,0
167,Control,0,011-2,011-2.png,2,KMT,0,Misinformation,1,Anger,1,18,9.499314129,18.79178166,1,6,1,6,0,2.283333333,3.6667943,2
167,Control,0,011-3,011-3.png,3,KMT,0,Misinformation,1,Anger,1,20,9.499314129,18.64876866,0,6,1,6,2,2.222222222,2.60664463,1
167,Control,0,100-1,100-1.png,1,DPP,1,True Information,0,Like,0,22,1.995884774,26.8464191,2,0,1,0,1,7.644444444,5.938586712,0
167,Control,0,100-2,100-2.png,2,DPP,1,True Information,0,Like,0,24,7.997256516,32.31726933,1,0,1,0,0,8.111111111,10.15370464,2
167,Control,0,100-3,100-3.png,3,DPP,1,True Information,0,Like,0,23,2.503429355,31.15777922,2,0,1,0,0,5.494444444,26.13001561,1
167,Control,0,101-1,101-1.png,1,DPP,1,True Information,0,Anger,1,21,1.495198903,18.55887103,1,6,0,0,2,6.927777778,13.36661863,0
167,Control,0,101-2,101-2.png,2,DPP,1,True Information,0,Anger,1,19,8.004115226,32.28677297,0,6,1,6,1,7.766666667,11.51343131,2
167,Control,0,101-3,101-3.png,3,DPP,1,True Information,0,Anger,1,17,6.495198903,16.94357944,2,6,1,6,0,6.905555556,54.35162735,1
167,Control,0,110-1,110-1.png,1,DPP,1,Misinformation,1,Like,0,15,8.998628258,7.383033752,1,0,1,0,2,2.633333333,14.6648047,0
167,Control,0,110-2,110-2.png,2,DPP,1,Misinformation,1,Like,0,13,8.998628258,36.14425802,0,0,1,0,1,3.066666667,9.215526342,2
167,Control,0,110-3,110-3.png,3,DPP,1,Misinformation,1,Like,0,11,6.495198903,20.83655572,2,0,1,0,0,6.55,40.47105718,1
167,Control,0,111-1,111-1.png,1,DPP,1,Misinformation,1,Anger,1,9,8.504801097,32.47153187,1,6,1,6,2,3.355555556,42.86834908,0
167,Control,0,111-2,111-2.png,2,DPP,1,Misinformation,1,Anger,1,7,9.499314129,49.12919331,0,6,1,6,1,3.416666667,9.289632082,2
167,Control,0,111-3,111-3.png,3,DPP,1,Misinformation,1,Anger,1,5,9.499314129,7.91763854,2,6,1,6,0,2.338888889,6.140116692,1
168,Prebunk,1,000-1,000-1.png,1,KMT,0,True Information,0,Like,0,5,4.945130316,37.0052416,2,0,1,0,0,5.55,19.8396884,1
168,Prebunk,1,000-2,000-2.png,2,KMT,0,True Information,0,Like,0,3,2.702331962,13.6707171,1,0,1,0,2,5.527777778,22.7550098,0
168,Prebunk,1,000-3,000-3.png,3,KMT,0,True Information,0,Like,0,1,2.962962963,24.2734382,0,0,1,0,1,6.461111111,11.302553,2
168,Prebunk,1,001-1,001-1.png,1,KMT,0,True Information,0,Anger,1,2,2.901234568,54.0875536,0,6,1,6,2,5.522222222,11.7765656,1
168,Prebunk,1,001-2,001-2.png,2,KMT,0,True Information,0,Anger,1,4,1.049382716,16.7469518,2,6,1,6,1,5.511111111,26.5546544,0
168,Prebunk,1,001-3,001-3.png,3,KMT,0,True Information,0,Anger,1,6,2.105624143,49.9609279,1,6,1,6,0,5.527777778,4.0945988,2
168,Prebunk,1,010-1,010-1.png,1,KMT,0,Misinformation,1,Like,0,8,10,3.0746972,0,0,1,0,2,5.55,2.6814643,1
168,Prebunk,1,010-2,010-2.png,2,KMT,0,Misinformation,1,Like,0,10,5.761316872,11.8712578,2,0,1,0,1,5.555555556,18.6801434,0
168,Prebunk,1,010-3,010-3.png,3,KMT,0,Misinformation,1,Like,0,12,8.765432099,5.8069519,1,0,1,0,0,5.516666667,3.4522307,2
168,Prebunk,1,011-1,011-1.png,1,KMT,0,Misinformation,1,Anger,1,14,10,5.06034,0,6,1,6,2,5.555555556,5.4750318,1
168,Prebunk,1,011-2,011-2.png,2,KMT,0,Misinformation,1,Anger,1,16,7.181069959,13.1932531,2,6,1,6,1,5.522222222,4.2249081,0
168,Prebunk,1,011-3,011-3.png,3,KMT,0,Misinformation,1,Anger,1,18,8.717421125,2.8103805,1,6,1,6,0,5.594444444,3.19423,2
168,Prebunk,1,100-1,100-1.png,1,DPP,1,True Information,0,Like,0,20,8.518518519,13.6371494,0,0,1,0,2,5.561111111,2.6971512,1
168,Prebunk,1,100-2,100-2.png,2,DPP,1,True Information,0,Like,0,22,4.986282579,16.7845654,2,0,1,0,1,5.527777778,6.5842407,0
168,Prebunk,1,100-3,100-3.png,3,DPP,1,True Information,0,Like,0,24,0,16.0028319,1,0,1,0,0,5.572222222,5.48546,2
168,Prebunk,1,101-1,101-1.png,1,DPP,1,True Information,0,Anger,1,23,1.687242798,7.6276863,2,6,0,0,0,5.555555556,6.4111509,1
168,Prebunk,1,101-2,101-2.png,2,DPP,1,True Information,0,Anger,1,21,0.4595336077,11.9417778,1,6,1,6,2,5.572222222,2.9426852,0
168,Prebunk,1,101-3,101-3.png,3,DPP,1,True Information,0,Anger,1,19,0.5075445816,12.4254258,0,6,1,6,1,5.527777778,6.0518287,2
168,Prebunk,1,110-1,110-1.png,1,DPP,1,Misinformation,1,Like,0,17,9.492455418,1.9917332,2,0,1,0,0,5.511111111,3.6712692,1
168,Prebunk,1,110-2,110-2.png,2,DPP,1,Misinformation,1,Like,0,15,9.135802469,3.3791614,1,0,1,0,2,5.577777778,3.6150251,0
168,Prebunk,1,110-3,110-3.png,3,DPP,1,Misinformation,1,Like,0,13,8.189300412,10.2095401,0,0,1,0,1,5.577777778,3.6573488,2
168,Prebunk,1,111-1,111-1.png,1,DPP,1,Misinformation,1,Anger,1,11,7.626886145,2.8719751,2,6,1,6,0,5.488888889,10.5512569,1
168,Prebunk,1,111-2,111-2.png,2,DPP,1,Misinformation,1,Anger,1,9,9.252400549,3.9670186,1,6,1,6,2,5.588888889,14.0205168,0
168,Prebunk,1,111-3,111-3.png,3,DPP,1,Misinformation,1,Anger,1,7,10,49.370171,0,6,1,6,1,5.522222222,11.0140637,2
169,Control,0,000-1,000-1.png,1,KMT,0,True Information,0,Like,0,7,0,3.140910149,0,0,1,0,1,7.583333333,7.349959373,2
169,Control,0,000-2,000-2.png,2,KMT,0,True Information,0,Like,0,5,0.1440329218,4.370606184,2,0,1,0,0,5.522222222,5.30168438,1
169,Control,0,000-3,000-3.png,3,KMT,0,True Information,0,Like,0,3,4.986282579,13.7863698,1,0,1,0,2,5.922222222,9.397678375,0
169,Control,0,001-1,001-1.png,1,KMT,0,True Information,0,Anger,1,1,7.050754458,21.01259446,0,6,1,6,1,4.372222222,7.34512496,2
169,Control,0,001-2,001-2.png,2,KMT,0,True Information,0,Anger,1,2,9.012345679,17.29664421,0,6,1,6,2,2.716666667,5.065656662,1
169,Control,0,001-3,001-3.png,3,KMT,0,True Information,0,Anger,1,4,7.057613169,27.1224761,2,6,1,6,1,5.772222222,8.9553442,0
169,Control,0,010-1,010-1.png,1,KMT,0,Misinformation,1,Like,0,6,10,6.344902992,1,0,1,0,0,5.522222222,9.978324413,2
169,Control,0,010-2,010-2.png,2,KMT,0,Misinformation,1,Like,0,8,6.275720165,3.814918995,0,0,1,0,2,5.511111111,3.839505434,1
169,Control,0,010-3,010-3.png,3,KMT,0,Misinformation,1,Like,0,10,10,1.738139391,2,0,1,0,1,5.472222222,3.081840515,0
169,Control,0,011-1,011-1.png,1,KMT,0,Misinformation,1,Anger,1,12,6.934156379,5.725396633,1,6,1,6,0,4.105555556,2.671046019,2
169,Control,0,011-2,011-2.png,2,KMT,0,Misinformation,1,Anger,1,14,6.920438957,2.429228067,0,6,1,6,2,5.561111111,1.954507113,1
169,Control,0,011-3,011-3.png,3,KMT,0,Misinformation,1,Anger,1,16,10,2.568835735,2,6,1,6,1,5.627777778,3.233043432,0
169,Control,0,100-1,100-1.png,1,DPP,1,True Information,0,Like,0,18,0,6.835111618,1,0,1,0,0,6.216666667,4.412540436,2
169,Control,0,100-2,100-2.png,2,DPP,1,True Information,0,Like,0,20,0.4252400549,4.325358391,0,0,1,0,2,5.45,2.053450584,1
169,Control,0,100-3,100-3.png,3,DPP,1,True Information,0,Like,0,22,2.030178326,5.481532812,2,0,1,0,1,5.861111111,6.136992216,0
169,Control,0,101-1,101-1.png,1,DPP,1,True Information,0,Anger,1,24,0,4.406894684,1,6,0,0,0,5.538888889,2.29431653,2
169,Control,0,101-2,101-2.png,2,DPP,1,True Information,0,Anger,1,23,1.117969822,3.523848772,2,6,1,6,0,5.622222222,6.49285531,1
169,Control,0,101-3,101-3.png,3,DPP,1,True Information,0,Anger,1,21,1.001371742,6.059417248,1,6,1,6,2,5.655555556,2.979079008,0
169,Control,0,110-1,110-1.png,1,DPP,1,Misinformation,1,Like,0,19,7.956104252,2.99207902,0,0,1,0,1,3.538888889,3.010702133,2
169,Control,0,110-2,110-2.png,2,DPP,1,Misinformation,1,Like,0,17,9.986282579,1.576741457,2,0,1,0,0,4.005555556,10.89488435,1
169,Control,0,110-3,110-3.png,3,DPP,1,Misinformation,1,Like,0,15,10,3.65436697,1,0,1,0,2,5.522222222,4.699973583,0
169,Control,0,111-1,111-1.png,1,DPP,1,Misinformation,1,Anger,1,13,10,7.50081706,0,6,1,6,1,5.538888889,2.935664415,2
169,Control,0,111-2,111-2.png,2,DPP,1,Misinformation,1,Anger,1,11,10,1.4333992,2,6,1,6,0,5.638888889,2.144370079,1
169,Control,0,111-3,111-3.png,3,DPP,1,Misinformation,1,Anger,1,9,10,3.394367456,1,6,1,6,2,4.988888889,11.84114575,0
170,Prebunk,1,000-1,000-1.png,1,KMT,0,True Information,0,Like,0,9,2.482853224,14.6050757,1,0,1,0,2,8.311111111,11.7398262,0
170,Prebunk,1,000-2,000-2.png,2,KMT,0,True Information,0,Like,0,7,5,16.9120928,0,0,1,0,1,6.594444444,6.6871014,2
170,Prebunk,1,000-3,000-3.png,3,KMT,0,True Information,0,Like,0,5,0.9739368999,12.9200722,2,0,1,0,0,7.022222222,15.3686599,1
170,Prebunk,1,001-1,001-1.png,1,KMT,0,True Information,0,Anger,1,3,7.68175583,5.7062319,1,6,1,6,2,2.877777778,4.4249732,0
170,Prebunk,1,001-2,001-2.png,2,KMT,0,True Information,0,Anger,1,1,6.015089163,31.4704653,0,6,1,6,1,4.266666667,5.7360904,2
170,Prebunk,1,001-3,001-3.png,3,KMT,0,True Information,0,Anger,1,2,8.113854595,4.8458035,0,6,1,6,2,3.383333333,3.8848874,1
170,Prebunk,1,010-1,010-1.png,1,KMT,0,Misinformation,1,Like,0,4,8.388203018,7.4192702,2,0,1,0,1,2.811111111,4.8554875,0
170,Prebunk,1,010-2,010-2.png,2,KMT,0,Misinformation,1,Like,0,6,8.477366255,9.8328748,1,6,0,0,0,2.611111111,4.7313848,2
170,Prebunk,1,010-3,010-3.png,3,KMT,0,Misinformation,1,Like,0,8,10,4.030893,0,0,1,0,2,2.7,2.8711167,1
170,Prebunk,1,011-1,011-1.png,1,KMT,0,Misinformation,1,Anger,1,10,10,5.1406757,2,6,1,6,1,3.35,2.5392744,0
170,Prebunk,1,011-2,011-2.png,2,KMT,0,Misinformation,1,Anger,1,12,8.621399177,10.5568433,1,6,1,6,0,3.4,5.3002906,2
170,Prebunk,1,011-3,011-3.png,3,KMT,0,Misinformation,1,Anger,1,14,10,1.9535463,0,6,1,6,2,3.7,2.5421489,1
170,Prebunk,1,100-1,100-1.png,1,DPP,1,True Information,0,Like,0,16,5.9739369,7.1292348,2,0,1,0,1,4.383333333,2.4826441,0
170,Prebunk,1,100-2,100-2.png,2,DPP,1,True Information,0,Like,0,18,1.742112483,5.8000743,1,0,1,0,0,8.061111111,2.6027786,2
170,Prebunk,1,100-3,100-3.png,3,DPP,1,True Information,0,Like,0,20,0.8573388203,6.7506588,0,0,1,0,2,7.072222222,3.6623303,1
170,Prebunk,1,101-1,101-1.png,1,DPP,1,True Information,0,Anger,1,22,1.440329218,9.763145,2,6,0,0,1,6.544444444,3.3692439,0
170,Prebunk,1,101-2,101-2.png,2,DPP,1,True Information,0,Anger,1,24,5.967078189,4.2069379,1,6,1,6,0,3.661111111,2.1056993,2
170,Prebunk,1,101-3,101-3.png,3,DPP,1,True Information,0,Anger,1,23,7.009602195,3.0946777,2,0,0,6,0,3.772222222,6.5575731,1
170,Prebunk,1,110-1,110-1.png,1,DPP,1,Misinformation,1,Like,0,21,9.094650206,5.8384657,1,6,0,0,2,3.583333333,2.123878,0
170,Prebunk,1,110-2,110-2.png,2,DPP,1,Misinformation,1,Like,0,19,7.647462277,4.7001887,0,0,1,0,1,3.583333333,2.8175009,2
170,Prebunk,1,110-3,110-3.png,3,DPP,1,Misinformation,1,Like,0,17,7.55829904,5.8973494,2,0,1,0,0,3.861111111,5.7644134,1
170,Prebunk,1,111-1,111-1.png,1,DPP,1,Misinformation,1,Anger,1,15,7.448559671,6.9080351,1,6,1,6,2,3.672222222,2.521723,0
170,Prebunk,1,111-2,111-2.png,2,DPP,1,Misinformation,1,Anger,1,13,10,2.5843182,0,6,1,6,1,3.677777778,2.9743604,2
170,Prebunk,1,111-3,111-3.png,3,DPP,1,Misinformation,1,Anger,1,11,8.525377229,11.5095243,2,6,1,6,0,2.727777778,7.8104076,1
171,Control,0,000-1,000-1.png,1,KMT,0,True Information,0,Like,0,11,1.042524005,6.088137865,2,0,1,0,0,9.088888889,5.896414518,1
171,Control,0,000-2,000-2.png,2,KMT,0,True Information,0,Like,0,9,1.124828532,4.452493906,1,0,1,0,2,8.694444444,2.968797207,0
171,Control,0,000-3,000-3.png,3,KMT,0,True Information,0,Like,0,7,1.268861454,14.37636495,0,0,1,0,1,8.933333333,2.767267466,2
171,Control,0,001-1,001-1.png,1,KMT,0,True Information,0,Anger,1,5,8.120713306,3.366693258,2,6,1,6,0,7.861111111,16.51665139,1
171,Control,0,001-2,001-2.png,2,KMT,0,True Information,0,Anger,1,3,1.001371742,7.920189142,1,0,0,6,2,1.766666667,2.798447371,0
171,Control,0,001-3,001-3.png,3,KMT,0,True Information,0,Anger,1,1,8.058984911,15.31214714,0,6,1,6,1,7.788888889,16.42444205,2
171,Control,0,010-1,010-1.png,1,KMT,0,Misinformation,1,Like,0,2,10,5.873025656,0,0,1,0,2,1.466666667,3.114263773,1
171,Control,0,010-2,010-2.png,2,KMT,0,Misinformation,1,Like,0,4,9.053497942,2.543504477,2,0,1,0,1,1.011111111,2.011878252,0
171,Control,0,010-3,010-3.png,3,KMT,0,Misinformation,1,Like,0,6,8.984910837,10.19701242,1,6,0,0,0,1.427777778,2.628325224,2
171,Control,0,011-1,011-1.png,1,KMT,0,Misinformation,1,Anger,1,8,9.101508916,10.28723407,0,6,1,6,2,1.794444444,2.269209623,1
171,Control,0,011-2,011-2.png,2,KMT,0,Misinformation,1,Anger,1,10,8.847736626,11.4398129,2,6,1,6,1,1.394444444,5.084059477,0
171,Control,0,011-3,011-3.png,3,KMT,0,Misinformation,1,Anger,1,12,9.931412894,9.021077871,1,6,1,6,0,1.233333333,2.609419107,2
171,Control,0,100-1,100-1.png,1,DPP,1,True Information,0,Like,0,14,4.444444444,7.788238287,0,0,1,0,2,8.866666667,2.603595734,1
171,Control,0,100-2,100-2.png,2,DPP,1,True Information,0,Like,0,16,8.422496571,2.238367796,2,0,1,0,1,8.966666667,8.464597702,0
171,Control,0,100-3,100-3.png,3,DPP,1,True Information,0,Like,0,18,0.4458161866,8.167826653,1,0,1,0,0,9.255555556,2.722613335,2
171,Control,0,101-1,101-1.png,1,DPP,1,True Information,0,Anger,1,20,1.069958848,6.10035038,0,6,0,0,2,8.727777778,12.48171544,1
171,Control,0,101-2,101-2.png,2,DPP,1,True Information,0,Anger,1,22,2.866941015,8.47028017,2,6,1,6,1,9.094444444,9.364213943,0
171,Control,0,101-3,101-3.png,3,DPP,1,True Information,0,Anger,1,24,7.270233196,14.02734947,1,6,1,6,0,8.483333333,2.676992655,2
171,Control,0,110-1,110-1.png,1,DPP,1,Misinformation,1,Like,0,23,10,1.884379148,2,0,1,0,0,1.572222222,12.30070257,1
171,Control,0,110-2,110-2.png,2,DPP,1,Misinformation,1,Like,0,21,9.938271605,1.823825836,1,0,1,0,2,2.011111111,27.63941503,0
171,Control,0,110-3,110-3.png,3,DPP,1,Misinformation,1,Like,0,19,9.499314129,9.288126945,0,0,1,0,1,3.3,8.925896406,2
171,Control,0,111-1,111-1.png,1,DPP,1,Misinformation,1,Anger,1,17,9.670781893,4.444014549,2,6,1,6,0,1,4.981552839,1
171,Control,0,111-2,111-2.png,2,DPP,1,Misinformation,1,Anger,1,15,9.663923182,11.22071242,1,0,0,6,2,1.405555556,6.884691,0
171,Control,0,111-3,111-3.png,3,DPP,1,Misinformation,1,Anger,1,13,10,9.242341042,0,6,1,6,1,1.205555556,5.027282,2
1,Prebunk,1,000-1,000-1.png,1,KMT,0,True Information,0,Like,0,1,4.87654321,10.7025114,0,4,0,0,1,7.877777778,8.7259414,2
1,Prebunk,1,000-2,000-2.png,2,KMT,0,True Information,0,Like,0,2,7.030178326,13.8340344,0,3,0,0,2,7.783333333,2.8325672,1
1,Prebunk,1,000-3,000-3.png,3,KMT,0,True Information,0,Like,0,4,6.028806584,10.0718296,2,3,0,0,1,4.45,3.9705126,0
1,Prebunk,1,001-1,001-1.png,1,KMT,0,True Information,0,Anger,1,6,7.894375857,6.6500615,1,4,0,6,0,3.433333333,8.1937427,2
1,Prebunk,1,001-2,001-2.png,2,KMT,0,True Information,0,Anger,1,8,8.04526749,2.5596037,0,6,1,6,2,3.3,3.4875982,1
1,Prebunk,1,001-3,001-3.png,3,KMT,0,True Information,0,Anger,1,10,7.105624143,6.11742,2,6,1,6,1,3.572222222,2.1549541,0
1,Prebunk,1,010-1,010-1.png,1,KMT,0,Misinformation,1,Like,0,12,3.010973937,6.1171036,1,0,1,0,0,4.183333333,6.3124963,2
1,Prebunk,1,010-2,010-2.png,2,KMT,0,Misinformation,1,Like,0,14,6.9478738,6.4981035,0,0,1,0,2,4.505555556,6.6551554,1
1,Prebunk,1,010-3,010-3.png,3,KMT,0,Misinformation,1,Like,0,16,4.012345679,12.5687092,2,0,1,0,1,5.616666667,9.6598007,0
1,Prebunk,1,011-1,011-1.png,1,KMT,0,Misinformation,1,Anger,1,18,8.120713306,10.1077986,1,6,1,6,0,3.527777778,17.4485602,2
1,Prebunk,1,011-2,011-2.png,2,KMT,0,Misinformation,1,Anger,1,20,6.008230453,4.4262192,0,6,1,6,2,4.394444444,3.5777105,1
1,Prebunk,1,011-3,011-3.png,3,KMT,0,Misinformation,1,Anger,1,22,6.941015089,9.7712385,2,6,1,6,1,3.616666667,3.6112907,0
1,Prebunk,1,100-1,100-1.png,1,DPP,1,True Information,0,Like,0,24,6.941015089,15.3493139,1,0,1,0,0,7.75,5.0139237,2
1,Prebunk,1,100-2,100-2.png,2,DPP,1,True Information,0,Like,0,23,5.006858711,3.618808,2,0,1,0,0,7.65,7.0784803,1
1,Prebunk,1,100-3,100-3.png,3,DPP,1,True Information,0,Like,0,21,3.113854595,4.5551954,1,0,1,0,2,6.611111111,4.1688977,0
1,Prebunk,1,101-1,101-1.png,1,DPP,1,True Information,0,Anger,1,19,3.90260631,11.1665707,0,6,0,0,1,4.294444444,7.995008,2
1,Prebunk,1,101-2,101-2.png,2,DPP,1,True Information,0,Anger,1,17,6.982167353,5.0140302,2,6,1,6,0,1.455555556,8.3056152,1
1,Prebunk,1,101-3,101-3.png,3,DPP,1,True Information,0,Anger,1,15,7.853223594,2.7449771,1,6,1,6,2,3.422222222,6.4643187,0
1,Prebunk,1,110-1,110-1.png,1,DPP,1,Misinformation,1,Like,0,13,3.065843621,5.9898067,0,0,1,0,1,3.255555556,11.2989494,2
1,Prebunk,1,110-2,110-2.png,2,DPP,1,Misinformation,1,Like,0,11,3.930041152,10.7430704,2,0,1,0,0,7.65,4.5175533,1
1,Prebunk,1,110-3,110-3.png,3,DPP,1,Misinformation,1,Like,0,9,3.038408779,6.5208025,1,0,1,0,2,7.016666667,3.1960744,0
1,Prebunk,1,111-1,111-1.png,1,DPP,1,Misinformation,1,Anger,1,7,7.908093278,3.4734112,0,6,1,6,1,2.661111111,6.4122318,2
1,Prebunk,1,111-2,111-2.png,2,DPP,1,Misinformation,1,Anger,1,5,6.021947874,4.3155299,2,4,0,6,0,6.844444444,15.5912675,1
1,Prebunk,1,111-3,111-3.png,3,DPP,1,Misinformation,1,Anger,1,3,10,6.8345545,1,6,1,6,2,3.277777778,3.9330903,0
12,Prebunk,1,000-1,000-1.png,1,KMT,0,True Information,0,Like,0,4,2.009602195,8.6048973,2,0,1,0,1,7.605555556,7.2389334,0
12,Prebunk,1,000-2,000-2.png,2,KMT,0,True Information,0,Like,0,6,3.038408779,6.6030552,1,0,1,0,0,7.583333333,5.757163,2
12,Prebunk,1,000-3,000-3.png,3,KMT,0,True Information,0,Like,0,8,3.010973937,8.1251215,0,0,1,0,2,7.577777778,3.7920924,1
12,Prebunk,1,001-1,001-1.png,1,KMT,0,True Information,0,Anger,1,10,6.069958848,4.6752582,2,6,1,6,1,3.461111111,4.2298378,0
12,Prebunk,1,001-2,001-2.png,2,KMT,0,True Information,0,Anger,1,12,6.076817558,3.6501994,1,6,1,6,0,5.555555556,6.5213003,2
12,Prebunk,1,001-3,001-3.png,3,KMT,0,True Information,0,Anger,1,14,6.550068587,4.7441813,0,6,1,6,2,3.405555556,4.6176506,1
12,Prebunk,1,010-1,010-1.png,1,KMT,0,Misinformation,1,Like,0,16,4.965706447,10.5491014,2,6,0,0,1,5.522222222,4.633972,0
12,Prebunk,1,010-2,010-2.png,2,KMT,0,Misinformation,1,Like,0,18,4.005486968,7.7657892,1,0,1,0,0,5.538888889,6.1061496,2
12,Prebunk,1,010-3,010-3.png,3,KMT,0,Misinformation,1,Like,0,20,3.511659808,6.0004504,0,0,1,0,2,5.522222222,4.4211445,1
12,Prebunk,1,011-1,011-1.png,1,KMT,0,Misinformation,1,Anger,1,22,6.529492455,8.8615297,2,6,1,6,1,4.561111111,5.2665484,0
12,Prebunk,1,011-2,011-2.png,2,KMT,0,Misinformation,1,Anger,1,24,7.421124829,4.0775221,1,6,1,6,0,2.705555556,4.2298702,2
